year,scenario,ai_capability,throughput,bottleneck_stage,progress_rate,cumulative_progress,M_1,mu_1,mu_eff_1,M_2,mu_2,mu_eff_2,M_3,mu_3,mu_eff_3,M_4,mu_4,mu_eff_4,M_5,mu_5,mu_eff_5,M_6,mu_6,mu_eff_6,M_7,mu_7,mu_eff_7,M_8,mu_8,mu_eff_8,M_9,mu_9,mu_eff_9,M_10,mu_10,mu_eff_10
2024.0,Pessimistic,1.0,0.165,7,1.0,1.0,1.0,2.0,1.9,1.0,4.0,3.6,1.0,1.0,0.3,1.0,6.0,5.699999999999999,1.0,1.5,0.75,1.0,1.0,0.66,1.0,0.5,0.165,1.0,0.3333333333333333,0.1933333333333333,1.0,1.0,0.9,1.0,1.0,0.95
2025.0,Pessimistic,1.3498588075760032,0.17920135443024734,7,1.0860688147287718,2.0860688147287716,13.699907186595825,27.39981437319165,26.029823654532066,5.92445380704736,23.69781522818944,21.328033705370498,1.3482300589373555,1.3482300589373555,0.40446901768120663,26.658996152509932,159.9539769150596,151.95627806930662,1.5571680942997688,2.335752141449653,1.1678760707248266,1.2785840471498844,1.2785840471498844,0.8438654711189237,1.0860688147287718,0.5430344073643859,0.17920135443024734,1.1130795632828425,0.3710265210942808,0.21519538223468285,1.0430344073643858,1.0430344073643858,0.9387309666279472,1.4178760707248266,1.4178760707248266,1.3469822671885852
2026.0,Pessimistic,1.8221188003905089,0.19218041511714012,7,1.164729788588728,3.2507986033174996,23.108229831392702,46.216459662785404,43.90563667964613,9.572578914213496,38.290315656853984,34.46128409116859,1.6479544482957054,1.6479544482957054,0.4943863344887116,45.667648026691374,274.00588816014823,260.3055937521408,2.0367271172731285,3.0550906759096925,1.5275453379548463,1.5183635586365642,1.5183635586365642,1.0021199487001324,1.164729788588728,0.582364894294364,0.19218041511714012,1.2133721389334466,0.4044573796444822,0.23458528019379965,1.082364894294364,1.082364894294364,0.9741284048649276,1.7775453379548463,1.7775453379548463,1.6886680710571038
2027.0,Pessimistic,2.4596031111569494,0.20404238343441922,7,1.2366205056631467,4.487419108980646,30.07808667271064,60.15617334542128,57.148364678150216,12.275176464928615,49.10070585971446,44.19063527374301,1.9059296209455667,1.9059296209455667,0.57177888628367,59.749603685680675,358.49762211408404,340.5727410083798,2.4494873935129067,3.67423109026936,1.83711554513468,1.7247436967564533,1.7247436967564533,1.1383308398592593,1.2366205056631467,0.6183102528315734,0.20404238343441922,1.302323673928969,0.4341078913096563,0.25178257695960066,1.1183102528315734,1.1183102528315734,1.006479227548416,2.08711554513468,2.08711554513468,1.9827597678779458
2028.0,Pessimistic,3.3201169227365472,0.2148834061982799,7,1.302323673928969,5.789742782909615,35.24148361630209,70.48296723260418,66.95881887097397,14.277309973668158,57.10923989467263,51.39831590520537,2.127970909764934,2.127970909764934,0.6383912729294802,70.18177302069198,421.09063812415184,400.0361062179442,2.804753455623894,4.207130183435841,2.1035650917179205,1.902376727811947,1.902376727811947,1.255568640355885,1.302323673928969,0.6511618369644845,0.2148834061982799,1.381216608193859,0.46040553606461965,0.2670352109174794,1.1511618369644845,1.1511618369644845,1.036045653268036,2.3535650917179205,2.3535650917179205,2.2358868371320244
2029.0,Pessimistic,4.4816890703380645,0.22479135498240743,7,1.3623718483782268,7.152114631287842,39.066622152726936,78.13324430545387,74.22658209018117,15.760526957179831,63.042107828719324,56.73789704584739,2.319083618147463,2.319083618147463,0.6957250854442388,77.91011414530544,467.46068487183265,444.087650628241,3.110533789035941,4.665800683553911,2.3329003417769556,2.0552668945179704,2.0552668945179704,1.3564761503818605,1.3623718483782268,0.6811859241891134,0.22479135498240743,1.4511883639059735,0.48372945463532446,0.28056308368848815,1.1811859241891134,1.1811859241891134,1.0630673317702022,2.5829003417769556,2.5829003417769556,2.4537553246881076
2030.0,Pessimistic,6.049647464412945,0.2338465383582917,7,1.4172517476260102,8.569366378913852,41.90035447714226,83.80070895428452,79.6106735065703,16.859321123789854,67.43728449515942,60.693556045643476,2.483575850648502,2.483575850648502,0.7450727551945505,83.63541006606293,501.81246039637756,476.72183737655865,3.373721361037603,5.060582041556405,2.5302910207782023,2.1868606805188016,2.1868606805188016,1.4433280491424092,1.4172517476260102,0.7086258738130051,0.2338465383582917,1.5132477440400283,0.5044159146800093,0.2925612305144054,1.2086258738130051,1.2086258738130051,1.0877632864317046,2.7802910207782023,2.7802910207782023,2.6412764697392923
2031.0,Pessimistic,8.166169912567652,0.24212235283386196,7,1.4674081989931027,10.036774577906954,43.999635015603886,87.99927003120777,83.59930652964738,17.673327863193343,70.69331145277337,63.62398030749603,2.625155627222112,2.625155627222112,0.7875466881666335,87.8768136029548,527.2608816177287,500.89783753684225,3.600249003555379,5.400373505333068,2.700186752666534,2.3001245017776895,2.3001245017776895,1.518082171173275,1.4674081989931027,0.7337040994965514,0.24212235283386196,1.5682894765709203,0.5227631588569734,0.30320263213704457,1.2337040994965514,1.2337040994965514,1.1103336895468963,2.950186752666534,2.950186752666534,2.802677415033207
2032.0,Pessimistic,11.023176380641601,0.24968587776660467,7,1.5132477440400283,11.550022321946981,45.55482028881879,91.10964057763758,86.5541585487557,18.276358887501164,73.10543555000466,65.79489199500419,2.7470144702194945,2.7470144702194945,0.8241043410658483,91.01892262434816,546.1135357460889,518.8078589587844,3.7952231523511917,5.692834728526788,2.846417364263394,2.3976115761755956,2.3976115761755956,1.582423640275893,1.5132477440400283,0.7566238720200141,0.24968587776660467,1.617107114024888,0.5390357046749626,0.3126407087114783,1.2566238720200142,1.2566238720200142,1.130961484818013,3.096417364263394,3.096417364263394,2.941596496050224
2033.0,Pessimistic,14.87973172487283,0.25659841907321473,7,1.555141933777059,13.10516425572404,46.706929875752266,93.41385975150453,88.7431667639293,18.723095257944756,74.89238103177902,67.40314292860113,2.8518993483852713,2.8518993483852713,0.8555698045155814,93.34665423876477,560.0799254325887,532.0759291609592,3.9630389574164337,5.944558436124651,2.9722792180623254,2.4815194787082167,2.4815194787082167,1.6378028559474231,1.555141933777059,0.7775709668885294,0.25659841907321473,1.6604044743550608,0.5534681581183536,0.32101153170864505,1.2775709668885296,1.2775709668885296,1.1498138701996767,3.2222792180623254,3.2222792180623254,3.061165257159209
2034.0,Pessimistic,20.085536923187668,0.26291600614280114,7,1.5934303402594008,14.69859459598344,47.56043364997467,95.12086729994934,90.36482393495187,19.054045701010583,76.21618280404233,68.5945645236381,2.9421745996289257,2.9421745996289257,0.8826523798886777,95.07108023158146,570.4264813894888,541.9051573200144,4.10747935940628,6.161219039109421,3.0806095195547103,2.55373967970314,2.55373967970314,1.6854681886040725,1.5934303402594008,0.7967151701297004,0.26291600614280114,1.6988057880877978,0.5662685960292659,0.32843578569697424,1.2967151701297004,1.2967151701297004,1.1670436531167303,3.3306095195547107,3.3306095195547107,3.164079043576975
2035.0,Pessimistic,27.112638920657883,0.2686898459813625,7,1.6284233089779543,16.327017904961394,48.19272479733924,96.38544959467848,91.56617711494455,19.29921981937644,77.19687927750576,69.47719134975519,3.0198752284481145,3.0198752284481145,0.9059625685344344,96.34856642727725,578.0913985636635,549.1868286354803,4.231800365516984,6.347700548275475,3.1738502741377377,2.615900182758492,2.615900182758492,1.7264941206206046,1.6284233089779543,0.8142116544889771,0.2686898459813625,1.7328646980341496,0.5776215660113831,0.3350205082866022,1.314211654488977,1.314211654488977,1.1827904890400793,3.4238502741377377,3.4238502741377377,3.252657760430851
2036.0,Pessimistic,36.598234443677974,0.27396673826858503,7,1.6604044743550608,17.987422379316456,48.66113760008267,97.32227520016534,92.45616144015706,19.48084927350144,77.92339709400576,70.13105738460519,3.0867527794460337,3.0867527794460337,0.9260258338338101,97.29495147771804,583.7697088663083,554.5812234229928,4.338804447113654,6.508206670670481,3.2541033353352407,2.669402223556827,2.669402223556827,1.7618054675475059,1.6604044743550608,0.8302022371775304,0.27396673826858503,1.7630722413178783,0.5876907471059594,0.3408606333214564,1.3302022371775304,1.3302022371775304,1.1971820134597775,3.50410333533524,3.50410333533524,3.328898168568478
2037.0,Pessimistic,49.40244910553017,0.278789454691195,7,1.689633058734515,19.67705543805097,49.00814633915559,98.01629267831117,93.11547804439562,19.615403682529717,78.46161473011887,70.61545325710698,3.144314821033716,3.144314821033716,0.9432944463101148,97.99605076686537,587.9763046011922,558.5774893711325,4.4309037136539455,6.646355570480918,3.323177785240459,2.7154518568269728,2.7154518568269728,1.7921982255058022,1.689633058734515,0.8448165293672575,0.278789454691195,1.7898639287992353,0.596621309599745,0.34604035956785206,1.3448165293672574,1.3448165293672574,1.2103348764305317,3.573177785240459,3.573177785240459,3.394518895978436
2038.0,Pessimistic,66.68633104092515,0.28319708562753787,7,1.7163459735002293,21.3934014115512,49.26521673579659,98.53043347159318,93.60391179801353,19.715084040410925,78.8603361616437,70.97430254547933,3.1938589293675452,3.1938589293675452,0.9581576788102635,98.5154378947727,591.0926273686362,561.5379960002043,4.5101742869880725,6.765261430482109,3.3826307152410546,2.7550871434940363,2.7550871434940363,1.818357514706064,1.7163459735002295,0.8581729867501148,0.28319708562753787,1.8136260239605901,0.6045420079868633,0.3506343646323807,1.3581729867501147,1.3581729867501147,1.2223556880751032,3.6326307152410546,3.6326307152410546,3.450999179479002
2039.0,Pessimistic,90.01713130052181,0.28722535699342794,7,1.7407597393541085,23.134161150905307,49.45565916962613,98.91131833925226,93.96575242228964,19.788929065773395,79.15571626309358,71.24014463678422,3.2365019385953393,3.2365019385953393,0.9709505815786017,98.90020934271402,593.4012560562842,563.73119325347,4.578403101752542,6.867604652628813,3.4338023263144066,2.789201550876271,2.789201550876271,1.840873023578339,1.7407597393541085,0.8703798696770543,0.28722535699342794,1.8347011117784136,0.6115670372594711,0.35470888161049324,1.3703798696770542,1.3703798696770542,1.2333418827093487,3.683802326314407,3.683802326314407,3.4996122099986864
2040.0,Pessimistic,121.51041751873485,0.2909069198174499,7,1.7630722413178783,24.897233392223185,49.59674239459802,99.19348478919603,94.23381054973623,19.84363480606862,79.37453922427449,71.43708530184703,3.273205116776469,3.273205116776469,0.9819615350329406,99.18525504214702,595.1115302528822,565.3559537402381,4.63712818684235,6.955692280263525,3.4778461401317626,2.818564093421175,2.818564093421175,1.8602523016579757,1.7630722413178783,0.8815361206589392,0.2909069198174499,1.85339303786965,0.6177976792898833,0.3583226539881323,1.3815361206589392,1.3815361206589392,1.2433825085930452,3.7278461401317626,3.7278461401317626,3.5414538331251744
2041.0,Pessimistic,164.0219072999017,0.29427161489285886,7,1.783464332683993,26.68069772490718,49.70125941828974,99.40251883657947,94.43239289475049,19.884161815255204,79.53664726102082,71.58298253491874,3.304795834997117,3.304795834997117,0.9914387504991351,99.39642209001396,596.3785325400837,566.5596059130795,4.687673335995387,7.0315100039930805,3.5157550019965402,2.8438366679976936,2.8438366679976936,1.876932200878478,1.783464332683993,0.8917321663419965,0.29427161489285886,1.869971289121574,0.6233237630405246,0.36152778256350426,1.3917321663419964,1.3917321663419964,1.2525589497077967,3.7657550019965402,3.7657550019965402,3.577467251896713
2042.0,Pessimistic,221.40641620418697,0.2973467146512036,7,1.8021013009163853,28.482799025823564,49.77868753381198,99.55737506762397,94.57950631424276,19.91418496209036,79.65673984836144,71.6910658635253,3.3319862181506257,3.3319862181506257,0.9995958654451876,99.55285848668134,597.3171509200881,567.4512933740837,4.731177949041001,7.096766923561502,3.548383461780751,2.8655889745205005,2.8655889745205005,1.8912887231835305,1.8021013009163853,0.9010506504581927,0.2973467146512036,1.8846748789619374,0.6282249596539791,0.3643704765993078,1.4010506504581928,1.4010506504581928,1.2609455854123734,3.798383461780751,3.798383461780751,3.6084642886917133
2043.0,Pessimistic,298.8674009670603,0.3001571442181749,7,1.8191342073828782,30.30193323320644,49.83604769258391,99.67209538516782,94.68849061590943,19.936426656308047,79.74570662523219,71.77113596270897,3.3553891978129036,3.3553891978129036,1.006616759343871,99.66874941971035,598.0124965182621,568.1118716923489,4.768622716500646,7.152934074750969,3.5764670373754845,2.884311358250323,2.884311358250323,1.9036454964452132,1.819134207382878,0.909567103691439,0.3001571442181749,1.8977157932844626,0.6325719310948208,0.36689172003499604,1.409567103691439,1.409567103691439,1.2686103933222952,3.8264670373754845,3.8264670373754845,3.6351436855067103
2044.0,Pessimistic,403.4287934927351,0.30272568344343825,7,1.8347011117784136,32.136634344984856,49.87854114334335,99.7570822866867,94.76922817235236,19.95290370864334,79.81161483457336,71.83045335111603,3.37553232908034,3.37553232908034,1.0126596987241019,99.75460353451003,598.5276212070602,568.6012401467071,4.800851726528544,7.201277589792816,3.600638794896408,2.900425863264272,2.900425863264272,1.9142810697544195,1.8347011117784136,0.9173505558892068,0.30272568344343825,1.9092820467105875,0.6364273489035291,0.3691278623640469,1.4173505558892068,1.4173505558892068,1.275615500300286,3.8506387948964083,3.8506387948964083,3.658106855151588
2045.0,Pessimistic,544.571910125929,0.3050731515419988,7,1.848928191163629,33.985562536148485,49.910021065925584,99.82004213185117,94.8290400252586,19.96511020923645,79.8604408369458,71.87439675325122,3.3928696828323996,3.3928696828323996,1.0178609048497198,99.81820582707414,598.9092349624448,568.9637732143225,4.828591492531839,7.242887238797758,3.621443619398879,2.9142957462659194,2.9142957462659194,1.9234351925355069,1.8489281911636293,0.9244640955818146,0.3050731515419988,1.9195403932504675,0.6398467977501558,0.3711111426950904,1.4244640955818146,1.4244640955818146,1.2820176860236332,3.8714436193988795,3.8714436193988795,3.6778714384289355
2046.0,Pessimistic,735.0951892419727,0.30721857584370266,7,1.8619307626891068,35.84749329883759,49.93334196616015,99.8666839323203,94.87334973570428,19.97415300728659,79.89661202914635,71.90695082623172,3.4077920814969,3.4077920814969,1.02233762444907,99.86532356428276,599.1919413856965,569.2323443164116,4.85246733039504,7.27870099559256,3.63935049779628,2.92623366519752,2.92623366519752,1.9313142190303634,1.861930762689107,0.9309653813445535,0.30721857584370266,1.928638730443614,0.6428795768145379,0.37287015455243194,1.4309653813445535,1.4309653813445535,1.2878688432100982,3.88935049779628,3.88935049779628,3.694882972906466
2047.0,Pessimistic,992.2747156050253,0.3091793460186686,7,1.873814218294961,37.72130751713255,49.95061851397662,99.90123702795324,94.90617517655558,19.980852076848077,79.92340830739231,71.93106747665308,3.4206359090548304,3.4206359090548304,1.026190772716449,99.90022924252419,599.4013754551452,569.4313066823879,4.873017454487728,7.309526181731592,3.654763090865796,2.936508727243864,2.936508727243864,1.9380957599809505,1.873814218294961,0.9369071091474805,0.3091793460186686,1.9367082316403592,0.6455694105467864,0.3744302581171361,1.4369071091474805,1.4369071091474805,1.2932163982327325,3.904763090865796,3.904763090865796,3.7095249363225062
2048.0,Pessimistic,1339.4307643944169,0.3109713550287197,7,1.8846748789619374,39.60598239609449,49.96341729538954,99.92683459077908,94.93049286124013,19.98581486964084,79.94325947856336,71.94893353070702,3.4316906938817686,3.4316906938817686,1.0295072081645305,99.92608800497071,599.5565280298242,569.578701628333,4.890705110210829,7.336057665316244,3.668028832658122,2.9453525551054147,2.9453525551054147,1.9439326863695738,1.8846748789619374,0.9423374394809687,0.3109713550287197,1.9438652371658662,0.6479550790552887,0.3758139458520674,1.4423374394809687,1.4423374394809687,1.298103695532872,3.9180288326581225,3.9180288326581225,3.722127391025216
2049.0,Pessimistic,1808.0424144560632,0.3126091279472924,7,1.8946007754381358,41.500583171532625,49.97289886586276,99.94579773172552,94.94850784513923,19.989491396967193,79.95796558786877,71.96216902908189,3.441205635359977,3.441205635359977,1.032361690607993,99.94524464735537,599.6714678841322,569.6878944899256,4.905929016575964,7.358893524863946,3.679446762431973,2.952964508287982,2.952964508287982,1.9489565754700682,1.8946007754381355,0.9473003877190678,0.3126091279472924,1.950212931632136,0.6500709772107119,0.3770411667822129,1.4473003877190678,1.4473003877190678,1.302570348947161,3.9294467624319727,3.9294467624319727,3.732974424310374
2050.0,Pessimistic,2440.6019776244984,0.3141059396919687,7,1.9036723617695073,43.404255533302134,49.97992298602999,99.95984597205998,94.96185367345697,19.992215035399383,79.96886014159753,71.97197412743778,3.449395221385489,3.449395221385489,1.0348185664156466,99.95943623708101,599.756617422486,569.7687865513617,4.919032354216783,7.378548531325174,3.689274265662587,2.9595161771083913,2.9595161771083913,1.9532806768915383,1.903672361769507,0.9518361808847535,0.3141059396919687,1.9558428315803071,0.651947610526769,0.378129614105526,1.4518361808847535,1.4518361808847535,1.3066525627962782,3.939274265662587,3.939274265662587,3.7423105523794575
2024.0,Baseline,1.0,0.165,7,1.0,1.0,1.0,2.0,1.9,1.0,4.0,3.6,1.0,1.0,0.3,1.0,6.0,5.699999999999999,1.0,1.5,0.75,1.0,1.0,0.66,1.0,0.5,0.165,1.0,0.3333333333333333,0.1933333333333333,1.0,1.0,0.9,1.0,1.0,0.95
2025.0,Baseline,1.6487212707001282,0.20636973100175784,7,1.250725642434896,2.250725642434896,20.279997674080963,40.55999534816193,38.53199558075383,8.475917465459965,33.90366986183986,30.513302875655874,1.8847968677143805,1.8847968677143805,0.5654390603143141,39.953464688449294,239.72078813069578,227.734748724161,1.8847968677143805,2.827195301571571,1.4135976507857855,1.6635976507857855,1.6635976507857855,1.0979744495186186,1.250725642434896,0.625362821217448,0.20636973100175784,1.3987923432284401,0.46626411440948,0.2704331863574984,1.1392920235749422,1.1392920235749422,1.025362821217448,1.6635976507857855,1.6635976507857855,1.5804177682464962
2026.0,Baseline,2.718281828459045,0.2419769884575298,7,1.4665272027729077,3.7172528452078035,31.973907382599325,63.94781476519865,60.75042402693872,13.010290617742596,52.041162470970384,46.837046223873344,2.5738773611494663,2.5738773611494663,0.7721632083448399,63.57993532402721,381.47961194416325,362.4056313469551,2.5738773611494663,3.8608160417241995,1.9304080208620997,2.1804080208620995,2.1804080208620995,1.4390692937689857,1.4665272027729077,0.7332636013864539,0.2419769884575298,1.7252958987215936,0.5750986329071979,0.33355720708617476,1.2591817793182822,1.2591817793182822,1.133263601386454,2.1804080208620995,2.1804080208620995,2.0713876198189944
2027.0,Baseline,4.4816890703380645,0.2726244389683333,7,1.652269327080808,5.369522172288612,39.066622152726936,78.13324430545387,74.22658209018117,15.760526957179831,63.042107828719324,56.73789704584739,3.110533789035941,3.110533789035941,0.9331601367107822,77.91011414530544,467.46068487183265,444.087650628241,3.110533789035941,4.665800683553911,2.3329003417769556,2.5829003417769556,2.5829003417769556,1.7047142255727907,1.652269327080808,0.826134663540404,0.2726244389683333,1.9926144005931419,0.6642048001977139,0.38523878411467405,1.3623718483782268,1.3623718483782268,1.2261346635404042,2.5829003417769556,2.5829003417769556,2.4537553246881076
2028.0,Baseline,7.38905609893065,0.29900294408007416,7,1.8121390550307523,7.181661227319364,43.36857112140598,86.73714224281196,82.40028513067135,17.42862961850436,69.71451847401744,62.74306662661569,3.5284822353142307,3.5284822353142307,1.0585446705942692,86.60180695957534,519.610841757452,493.6302996695794,3.5284822353142307,5.292723352971346,2.646361676485673,2.896361676485673,2.896361676485673,1.9115987064805442,1.8121390550307526,0.9060695275153763,0.29900294408007416,2.2114762789421127,0.7371587596473709,0.42755208059547506,1.4511883639059735,1.4511883639059735,1.3060695275153762,2.896361676485673,2.896361676485673,2.751543592661389
2029.0,Baseline,12.182493960703473,0.3217071338359186,7,1.9497402050661732,9.131401432385537,45.977835067428956,91.95567013485791,87.35788662811501,18.440385026145922,73.76154010458369,66.38538609412532,3.8539808125592394,3.8539808125592394,1.1561942437677717,91.87358513623401,551.2415108174041,523.6794352765339,3.8539808125592394,5.780971218838859,2.8904856094194296,3.1404856094194296,3.1404856094194296,2.0727205022168236,1.9497402050661732,0.9748701025330866,0.3217071338359186,2.3906652294228268,0.7968884098076089,0.4621952776884131,1.5276334472589852,1.5276334472589852,1.3748701025330867,3.1404856094194296,3.1404856094194296,2.983461328948458
2030.0,Baseline,20.085536923187668,0.3412488110570421,7,2.0681746124669216,11.19957604485246,47.56043364997467,95.12086729994934,90.36482393495187,19.054045701010583,76.21618280404233,68.5945645236381,4.10747935940628,4.10747935940628,1.232243807821884,95.07108023158146,570.4264813894888,541.9051573200144,4.10747935940628,6.161219039109421,3.0806095195547103,3.3306095195547107,3.3306095195547107,2.198202282906109,2.0681746124669216,1.0340873062334608,0.3412488110570421,2.5373727337931555,0.8457909112643851,0.4905587285333433,1.5934303402594008,1.5934303402594008,1.4340873062334607,3.3306095195547107,3.3306095195547107,3.164079043576975
2031.0,Baseline,33.11545195869231,0.35806848851398687,7,2.1701120515999204,13.36968809645238,48.520328212306396,97.04065642461279,92.18862360338214,19.42624971497595,77.7049988599038,69.93449897391342,4.30490422619822,4.30490422619822,1.291471267859466,97.01045904119047,582.0627542471428,552.9596165347857,4.30490422619822,6.45735633929733,3.228678169648665,3.4786781696486644,3.4786781696486644,2.295927591968119,2.1701120515999204,1.0850560257999602,0.35806848851398687,2.657486679328466,0.8858288931094886,0.5137807580035034,1.6500622508888445,1.6500622508888445,1.48505602579996,3.4786781696486644,3.4786781696486644,3.304744261166231
2032.0,Baseline,54.598150033144236,0.3725453190620759,7,2.2578504185580357,15.627538515010416,49.10253369445202,98.20506738890404,93.29481401945884,19.65200286111405,78.6080114444562,70.74721030001058,4.458658867053549,4.458658867053549,1.3375976601160646,98.18675175001532,589.1205105000919,559.6644849750872,4.458658867053549,6.687988300580323,3.3439941502901616,3.593994150290162,3.593994150290162,2.3720361391915072,2.2578504185580357,1.1289252092790178,0.3725453190620759,2.755827660411758,0.9186092201372527,0.5327933476796065,1.6988057880877978,1.6988057880877978,1.528925209279018,3.593994150290162,3.593994150290162,3.414294442775654
2033.0,Baseline,90.01713130052181,0.38500564258817027,7,2.3333675308373953,17.96090604584781,49.45565916962613,98.91131833925226,93.96575242228964,19.788929065773395,79.15571626309358,71.24014463678422,4.578403101752542,4.578403101752542,1.3735209305257625,98.90020934271402,593.4012560562842,563.73119325347,4.578403101752542,6.867604652628813,3.4338023263144066,3.683802326314407,3.683802326314407,2.4313095353675087,2.3333675308373953,1.1666837654186977,0.38500564258817027,2.8363424459125097,0.9454474819708365,0.5483595395430851,1.7407597393541085,1.7407597393541085,1.5666837654186978,3.683802326314407,3.683802326314407,3.4996122099986864
2034.0,Baseline,148.4131591025766,0.3957303424359163,7,2.398365711732826,20.359271757580636,49.66984059704481,99.33968119408962,94.37269713438513,19.871979007017377,79.4879160280695,71.53912442526256,4.671660005504405,4.671660005504405,1.4014980016513214,99.33294324709054,595.9976594825432,566.197776508416,4.671660005504405,7.007490008256608,3.503745004128304,3.7537450041283034,3.7537450041283034,2.47747170272468,2.398365711732826,1.199182855866413,0.3957303424359163,2.9022623768794524,0.9674207922931508,0.5611040595300274,1.77686983985157,1.77686983985157,1.5991828558664132,3.7537450041283034,3.7537450041283034,3.566057753921888
2035.0,Baseline,244.69193226422038,0.404961177139636,7,2.454310164482642,22.81358192206328,49.799748199515264,99.59949639903053,94.61952157907899,19.922351342669185,79.68940537067674,71.72046483360907,4.74428855517317,4.74428855517317,1.423286566551951,99.59540962759206,597.5724577655524,567.6938348772748,4.74428855517317,7.116432832759754,3.558216416379877,3.808216416379877,3.808216416379877,2.513422834810719,2.454310164482642,1.227155082241321,0.404961177139636,2.9562330516028656,0.9854110172009551,0.5715383899765539,1.807950091379246,1.807950091379246,1.6271550822413214,3.808216416379877,3.808216416379877,3.617805595560883
2036.0,Baseline,403.4287934927351,0.4129062301981888,7,2.502462001201144,25.316043923264424,49.87854114334335,99.7570822866867,94.76922817235236,19.95290370864334,79.81161483457336,71.83045335111603,4.800851726528544,4.800851726528544,1.440255517958563,99.75460353451003,598.5276212070602,568.6012401467071,4.800851726528544,7.201277589792816,3.600638794896408,3.8506387948964083,3.8506387948964083,2.5414216046316294,2.502462001201144,1.251231000600572,0.4129062301981888,3.000420502763293,1.0001401675877641,0.5800812972009032,1.8347011117784136,1.8347011117784136,1.6512310006005722,3.8506387948964083,3.8506387948964083,3.658106855151588
2037.0,Baseline,665.1416330443618,0.41974460073880543,7,2.543906671144275,27.859950594408698,49.926331479544096,99.85266295908819,94.86002981113378,19.971434655333425,79.8857386213337,71.89716475920034,4.844903168673111,4.844903168673111,1.4534709506019334,99.85115951989522,599.1069571193714,569.1516092634027,4.844903168673111,7.267354753009667,3.6336773765048336,3.883677376504834,3.883677376504834,2.5632270684931906,2.543906671144275,1.2719533355721375,0.41974460073880543,3.0365981279284657,1.0121993759761552,0.5870756380661699,1.8577259284134864,1.8577259284134864,1.6719533355721379,3.883677376504834,3.883677376504834,3.6894935076795923
2038.0,Baseline,1096.6331584284585,0.42563044080886436,7,2.5795784291446324,30.43952902355333,49.95531778368783,99.91063556737566,94.91510378900688,19.982674242654465,79.93069697061786,71.93762727355607,4.879210466310726,4.879210466310726,1.4637631398932176,99.90972368541011,599.4583421124607,569.4854250068377,4.879210466310726,7.3188156994660885,3.6594078497330442,3.9094078497330447,3.9094078497330447,2.5802091808238097,2.5795784291446324,1.2897892145723162,0.42563044080886436,3.0662178622245206,1.0220726207415067,0.5928021200300738,1.8775435717470181,1.8775435717470181,1.6897892145723163,3.9094078497330447,3.9094078497330447,3.7139374572463923
2039.0,Baseline,1808.0424144560632,0.43069643030512633,7,2.610281395788644,33.04981041934197,49.97289886586276,99.94579773172552,94.94850784513923,19.989491396967193,79.95796558786877,71.96216902908189,4.905929016575964,4.905929016575964,1.4717787049727893,99.94524464735537,599.6714678841322,569.6878944899256,4.905929016575964,7.358893524863946,3.679446762431973,3.9294467624319727,3.9294467624319727,2.593434863205102,2.610281395788644,1.305140697894322,0.43069643030512633,3.0904684495906993,1.0301561498635663,0.5974905669208684,1.8946007754381355,1.8946007754381355,1.705140697894322,3.9294467624319727,3.9294467624319727,3.732974424310374
2040.0,Baseline,2980.9579870417283,0.4350567678730445,7,2.6367076840790573,35.68651810342103,49.983562331232775,99.96712466246555,94.96876842934226,19.993626210069852,79.97450484027941,71.97705435625147,4.926737444445063,4.926737444445063,1.478021233333519,99.96678919983765,599.8007351990259,569.8106984390746,4.926737444445063,7.390106166667595,3.6950530833337973,3.9450530833337973,3.9450530833337973,2.6037350350003066,2.6367076840790573,1.3183538420395287,0.4350567678730445,3.1103231512475946,1.036774383749198,0.6013291425745348,1.9092820467105875,1.9092820467105875,1.7183538420395288,3.9450530833337973,3.9450530833337973,3.7478004291671074
2041.0,Baseline,4914.768840299134,0.4388097451976575,7,2.659453001197924,38.345971104618954,49.99003004991848,99.98006009983696,94.98105709484511,19.996134100988797,79.98453640395519,71.98608276355968,4.9429430643640035,4.9429430643640035,1.482882919309201,99.97985663146795,599.8791397888077,569.8851827993673,4.9429430643640035,7.414414596546005,3.7072072982730027,3.957207298273002,3.957207298273002,2.6117568168601815,2.659453001197924,1.329726500598962,0.4388097451976575,3.126578806087283,1.0421929353624275,0.6044719025102079,1.9219183339988468,1.9219183339988468,1.7297265005989622,3.957207298273002,3.957207298273002,3.759346933359352
2042.0,Baseline,8103.083927575384,0.4420399627162943,7,2.6790300770684503,41.0250011816874,49.99395291959976,99.98790583919951,94.98851054723953,19.997655213722354,79.99062085488941,71.99155876940047,4.955564013847031,4.955564013847031,1.4866692041541092,99.98778242939542,599.9266945763725,569.9303598475539,4.955564013847031,7.433346020770546,3.716673010385273,3.966673010385273,3.966673010385273,2.6180041868542805,2.6790300770684503,1.3395150385342252,0.4420399627162943,3.1398878106159565,1.0466292702053188,0.6070449767190849,1.9327944872602503,1.9327944872602503,1.7395150385342253,3.966673010385273,3.966673010385273,3.7683393598660095
2043.0,Baseline,13359.726829661873,0.44482023670017296,7,2.6958802224252905,43.72088140411269,49.99633226033551,99.99266452067101,94.99303129463746,19.998577815232135,79.99431126092854,71.99488013483568,4.965393219187518,4.965393219187518,1.4896179657562552,99.99258966884112,599.9555380130467,569.9577611123943,4.965393219187518,7.448089828781276,3.724044914390638,3.974044914390638,3.974044914390638,2.6228696434978214,2.6958802224252905,1.3479401112126452,0.44482023670017296,3.150784301916436,1.0502614339721452,0.6091516317038442,1.9421556791251615,1.9421556791251615,1.7479401112126454,3.974044914390638,3.974044914390638,3.775342668671106
2044.0,Baseline,22026.465794806718,0.44721324069474433,7,2.7103832769378444,46.431264681050536,49.997775403441636,99.99555080688327,94.9957732665391,19.99913740133451,79.99654960533805,71.99689464480424,4.973048212003658,4.973048212003658,1.4919144636010973,99.99550540695351,599.9730324417211,569.974380819635,4.973048212003658,7.4595723180054865,3.7297861590027432,3.9797861590027437,3.9797861590027437,2.626658864941811,2.7103832769378444,1.3551916384689222,0.44721324069474433,3.1597055944447847,1.0532351981482615,0.6108764149259917,1.950212931632136,1.950212931632136,1.7551916384689223,3.9797861590027437,3.9797861590027437,3.780796851052606
2045.0,Baseline,36315.502674246636,0.44927291832048905,7,2.7228661716393274,49.15413085268986,49.99865071398187,99.99730142796373,94.99743635656554,19.999476807462354,79.99790722984942,71.99811650686448,4.9790099264032746,4.9790099264032746,1.4937029779209823,99.99727389151438,599.9836433490863,569.9844611816319,4.9790099264032746,7.468514889604911,3.7342574448024557,3.9842574448024557,3.9842574448024557,2.6296099135696207,2.7228661716393274,1.3614330858196637,0.44927291832048905,3.167009730994949,1.0556699103316496,0.6122885479923568,1.9571478731329597,1.9571478731329597,1.7614330858196638,3.9842574448024557,3.9842574448024557,3.7850445725623327
2046.0,Baseline,59874.14171519782,0.45104569928183175,7,2.733610298677768,51.88774115136763,49.999181616661275,99.99836323332255,94.99844507165642,19.999682667684986,79.99873067073995,71.99885760366595,4.983652914246144,4.983652914246144,1.4950958742738432,99.99834653162176,599.9900791897305,569.990575230244,4.983652914246144,7.475479371369216,3.737739685684608,3.987739685684608,3.987739685684608,2.6319081925518413,2.733610298677768,1.366805149338884,0.45104569928183175,3.1729898522132496,1.0576632840710831,0.6134447047612281,1.96311683259876,1.96311683259876,1.766805149338884,3.987739685684608,3.987739685684608,3.7883527014003775
2047.0,Baseline,98715.7710107605,0.45257154599571375,7,2.7428578545194773,54.630599005887106,49.999503625413666,99.99900725082733,94.99905688828596,19.999807528221627,79.99923011288651,71.99930710159786,4.987268876813961,4.987268876813961,1.4961806630441883,99.99899712073373,599.9939827244024,569.9942835881823,4.987268876813961,7.480903315220942,3.740451657610471,3.990451657610471,3.990451657610471,2.633698094022911,2.7428578545194773,1.3714289272597386,0.45257154599571375,3.1778859613618065,1.0592953204539355,0.6143912858632825,1.968254363621932,1.968254363621932,1.771428927259739,3.990451657610471,3.990451657610471,3.7909290747299473
2048.0,Baseline,162754.79141900392,0.4538848544331541,7,2.750817299594873,57.38141630548198,49.999698933594686,99.99939786718937,94.9994279738299,19.999883259965287,79.99953303986115,71.99957973587503,4.990084991293335,4.990084991293335,1.4970254973880004,99.99939172297702,599.9963503378622,569.996532820969,4.990084991293335,7.485127486940002,3.742563743470001,3.9925637434700008,3.9925637434700008,2.6350920706902006,2.750817299594873,1.3754086497974365,0.4538848544331541,3.181894556492156,1.0606315188307187,0.6151662809218168,1.9726762775527074,1.9726762775527074,1.7754086497974366,3.9925637434700008,3.9925637434700008,3.7929355562965004
2049.0,Baseline,268337.2865208745,0.4550152294807653,7,2.7576680574591834,60.13908436294116,49.99981739399457,99.99963478798914,94.99965304858968,19.999929193589733,79.99971677435893,71.99974509692304,4.992278183455089,4.992278183455089,1.4976834550365268,99.99963106133596,599.9977863680158,569.997897049615,4.992278183455089,7.488417275182634,3.744208637591317,3.994208637591317,3.994208637591317,2.6361777008102694,2.7576680574591834,1.3788340287295917,0.4550152294807653,3.185176516602012,1.061725505534004,0.6158007932097223,1.976482254143991,1.976482254143991,1.778834028729592,3.994208637591317,3.994208637591317,3.794498205711751
2050.0,Baseline,442413.3920089205,0.4559881523005961,7,2.763564559397552,62.90264892233871,49.99988924385906,99.99977848771812,94.9997895633322,19.999957053741266,79.99982821496506,71.99984539346856,4.99398624322809,4.99398624322809,1.4981958729684268,99.99977622738871,599.9986573643323,569.9987244961156,4.99398624322809,7.490979364842135,3.7454896824210673,3.9954896824210673,3.9954896824210673,2.6370231903979047,2.763564559397552,1.381782279698776,0.4559881523005961,3.1878635582743264,1.062621186091442,0.6163202879330364,1.9797580885541957,1.9797580885541957,1.7817822796987761,3.9954896824210673,3.9954896824210673,3.7957151983000137
2024.0,Optimistic,1.0,0.165,7,1.0,1.0,1.0,2.0,1.9,1.0,4.0,3.6,1.0,1.0,0.3,1.0,6.0,5.699999999999999,1.0,1.5,0.75,1.0,1.0,0.66,1.0,0.5,0.165,1.0,0.3333333333333333,0.1933333333333333,1.0,1.0,0.9,1.0,1.0,0.95
2025.0,Optimistic,2.0137527074704766,0.2900143976596765,7,1.7576630161192515,2.7576630161192517,25.66732011422094,51.33464022844188,48.76790821701978,10.564879227963221,42.259516911852884,38.0335652206676,3.067183371969006,3.067183371969006,0.9201550115907017,50.838054924650464,305.0283295479028,289.77691307050765,3.067183371969006,4.600775057953509,2.3003875289767546,2.1812476411251462,2.1812476411251462,1.4396234431425965,1.7576630161192517,0.8788315080596258,0.2900143976596765,1.6105406463606864,0.5368468821202288,0.3113711916297327,1.3788315080596258,1.3788315080596258,1.2409483572536633,1.8859357308438596,1.8859357308438596,1.7916389443016665
2026.0,Optimistic,4.0551999668446745,0.39134909892206254,7,2.371812720739773,5.129475736859025,37.91674876686128,75.83349753372256,72.04182265703643,15.314657685109477,61.25863074043791,55.132767666394116,4.523902873460133,4.523902873460133,1.3571708620380398,75.58690056978097,453.5214034186858,430.84533324775146,4.523902873460133,6.785854310190199,3.3929271550950997,3.013658784834362,3.013658784834362,1.989014797990679,2.371812720739773,1.1859063603698865,0.39134909892206254,2.0719773403779627,0.6906591134593209,0.4005822858064061,1.6859063603698865,1.6859063603698865,1.5173157243328979,2.5102440886257713,2.5102440886257713,2.3847318841944825
2027.0,Optimistic,8.166169912567646,0.46800658034261144,8,2.836403517227948,7.965879254086973,43.999635015603886,87.99927003120777,83.59930652964738,17.673327863193343,70.69331145277337,63.62398030749603,5.550435756221912,5.550435756221912,1.6651307268665736,87.87681360295478,527.2608816177287,500.89783753684225,5.550435756221912,8.325653634332868,4.162826817166434,3.600249003555378,3.600249003555378,2.3761643423465495,2.869632795972411,1.4348163979862054,0.4734894113354478,2.420723691427301,0.8069078971424336,0.46800658034261144,1.9348163979862054,1.9348163979862054,1.7413347581875849,2.9501867526665335,2.9501867526665335,2.8026774150332066
2028.0,Optimistic,16.444646771097048,0.5189647659321975,8,3.145241005649682,11.111120259736655,47.020306931364324,94.04061386272865,89.33858316959221,18.84460881012086,75.37843524048344,67.8405917164351,6.273821252408755,6.273821252408755,1.8821463757226264,93.97980380010343,563.8788228006206,535.6848816605896,6.273821252408755,9.410731878613133,4.705365939306566,4.013612144233575,4.013612144233575,2.6489840151941593,3.2731579062836813,1.6365789531418407,0.5400710545368075,2.6843005134424014,0.8947668378141338,0.5189647659321975,2.1365789531418407,2.1365789531418407,1.9229210578276565,3.2602091081751805,3.2602091081751805,3.0971986527664215
2029.0,Optimistic,33.11545195869231,0.5574781340948902,8,3.3786553581508496,14.489775617887505,48.520328212306396,97.04065642461279,92.18862360338214,19.42624971497595,77.7049988599038,69.93449897391342,6.783582395846884,6.783582395846884,2.035074718754065,97.01045904119047,582.0627542471428,552.9596165347857,6.783582395846884,10.175373593770326,5.087686796885163,4.30490422619822,4.30490422619822,2.841236789290825,3.6002490035553785,1.8001245017776892,0.5940410855866375,2.883507590145984,0.961169196715328,0.5574781340948902,2.300124501777689,2.300124501777689,2.0701120515999203,3.4786781696486644,3.4786781696486644,3.304744261166231
2030.0,Optimistic,66.6863310409251,0.5865859115809516,8,3.555066130793646,18.04484174868115,49.26521673579659,98.53043347159318,93.60391179801353,19.715084040410925,78.8603361616437,70.97430254547933,7.142805002229126,7.142805002229126,2.142841500668738,98.5154378947727,591.0926273686362,561.5379960002043,7.142805002229126,10.71420750334369,5.357103751671845,4.510174286988072,4.510174286988072,2.9767150294121274,3.865383894000918,1.932691947000459,0.6377883425101515,3.034065059901475,1.0113550199671582,0.5865859115809516,2.432691947000459,2.432691947000459,2.189422752300413,3.632630715241054,3.632630715241054,3.4509991794790014
2031.0,Optimistic,134.2897796849354,0.6085850965548281,8,3.6883945245747154,21.733236273255866,49.635117429524705,99.27023485904941,94.30672311609693,19.858514921652436,79.43405968660974,71.49065371794877,7.395944894504406,7.395944894504406,2.2187834683513215,99.26278827597848,595.5767296558708,565.7978931730772,7.395944894504406,11.093917341756608,5.546958670878304,4.654825654002518,4.654825654002518,3.0721849316416616,4.080298059253105,2.0401490296265523,0.6732491797767622,3.1478539476973872,1.0492846492324623,0.6085850965548281,2.5401490296265523,2.5401490296265523,2.2861341266638973,3.741119240501888,3.741119240501888,3.5540632784767934
2032.0,Optimistic,270.42640742615254,0.6252117228833611,8,3.7891619568688553,25.522398230124722,49.81880467789234,99.63760935578468,94.65572888799544,19.929740589386824,79.7189623575473,71.74706612179257,7.5743295616234745,7.5743295616234745,2.2722988684870424,99.6339114920682,597.8034689524092,567.9132955047887,7.5743295616234745,11.361494342435211,5.680747171217606,4.756759749499128,4.756759749499128,3.1394614346694247,4.254504095842361,2.1272520479211803,0.7019931758139896,3.233853739051868,1.0779512463506227,0.6252117228833611,2.6272520479211803,2.6272520479211803,2.3645268431290623,3.817569812124346,3.817569812124346,3.6266913215181287
2033.0,Optimistic,544.571910125929,0.6377778567377259,8,3.8653203438650054,29.387718573989726,49.910021065925584,99.82004213185117,94.8290400252586,19.96511020923645,79.8604408369458,71.87439675325122,7.700035111930719,7.700035111930719,2.3100105335792156,99.81820582707414,598.9092349624448,568.9637732143225,7.700035111930719,11.550052667896079,5.775026333948039,4.828591492531839,4.828591492531839,3.1868703850710136,4.395712764654517,2.1978563823272586,0.7252926061679954,3.2988509831261688,1.0996169943753895,0.6377778567377259,2.6978563823272586,2.6978563823272586,2.4280707440945326,3.8714436193988795,3.8714436193988795,3.6778714384289355
2034.0,Optimistic,1096.6331584284585,0.6472751363978112,8,3.9228796145321887,33.310598188521915,49.95531778368783,99.91063556737566,94.91510378900688,19.982674242654465,79.93069697061786,71.93762727355607,7.78861831604377,7.78861831604377,2.336585494813131,99.90972368541011,599.4583421124607,569.4854250068377,7.78861831604377,11.682927474065655,5.841463737032828,4.879210466310726,4.879210466310726,3.220278907765079,4.5101742869880725,2.2550871434940363,0.744178757353032,3.347974843436955,1.115991614478985,0.6472751363978112,2.7550871434940363,2.7550871434940363,2.479578429144633,3.9094078497330447,3.9094078497330447,3.7139374572463923
2035.0,Optimistic,2208.347991887207,0.6544530259529618,8,3.966381975472496,37.27698016399441,49.97781146803855,99.9556229360771,94.95784178927325,19.99139628352515,79.9655851341006,71.96902662069054,7.851041844931359,7.851041844931359,2.3553125534794077,99.95517010889421,599.7310206533652,569.7444696206969,7.851041844931359,11.776562767397039,5.888281383698519,4.914881054246491,4.914881054246491,3.2438214958026843,4.602954993761417,2.3014774968807084,0.7594875739706338,3.3851018583773893,1.1283672861257963,0.6544530259529618,2.8014774968807084,2.8014774968807084,2.5213297471926377,3.9361607906848683,3.9361607906848683,3.7393527511506246
2036.0,Optimistic,4447.06674769985,0.6598779581767096,8,3.9992603525861186,41.27624051658053,49.98898150111524,99.97796300223048,94.97906485211895,19.995727520840603,79.98291008336241,71.98461907502617,7.895030962256656,7.895030962256656,2.3685092886769965,99.9777381349063,599.8664288094378,569.8731073689659,7.895030962256656,11.842546443384984,5.921273221692492,4.940017692718089,4.940017692718089,3.260411677193939,4.67816157300187,2.339080786500935,0.7718966595453086,3.4131618526381535,1.137720617546051,0.6598779581767096,2.839080786500935,2.839080786500935,2.5551727078508417,3.9550132695385667,3.9550132695385667,3.757262606061638
2037.0,Optimistic,8955.292703482508,0.6639780337499175,8,4.024109295454045,45.300349812034575,49.994528375383986,99.98905675076797,94.98960391322957,19.99787834963869,79.99151339855476,71.99236205869929,7.926029569313032,7.926029569313032,2.3778088707939093,99.98894508495948,599.9336705097569,569.936986984269,7.926029569313032,11.889044353969549,5.9445221769847745,4.95773118246459,4.95773118246459,3.2721025804266297,4.7391228413274895,2.3695614206637448,0.7819552688190358,3.43436914008578,1.1447897133619267,0.6639780337499175,2.8695614206637448,2.8695614206637448,2.5826052785973705,3.968298386848442,3.968298386848442,3.7698834675060198
2038.0,Optimistic,18033.74492782849,0.6670768042068875,8,4.0428897224659845,49.34323953450056,49.997282871627824,99.99456574325565,94.99483745609287,19.99894641961079,79.99578567844316,71.99620711059885,7.94787391850353,7.94787391850353,2.384362175551059,99.99451029165621,599.9670617499373,569.9687086624405,7.94787391850353,11.921810877755295,5.9609054388776475,4.970213667716303,4.970213667716303,3.28034102069276,4.788537085046599,2.3942685425232995,0.7901086190326888,3.4503972631390742,1.150132421046358,0.6670768042068875,2.8942685425232995,2.8942685425232995,2.6048416882709695,3.9776602507872267,3.9776602507872267,3.7787772382478653
2039.0,Optimistic,36315.502674246636,0.669418804536769,8,4.057083663859206,53.40032319835977,49.99865071398187,99.99730142796373,94.99743635656554,19.999476807462354,79.99790722984942,71.99811650686448,7.96326737120573,7.96326737120573,2.388980211361719,99.99727389151438,599.9836433490863,569.9844611816319,7.96326737120573,11.944901056808595,5.9724505284042975,4.9790099264032746,4.9790099264032746,3.286146551426161,4.828591492531839,2.4142957462659194,0.7967175962677534,3.462511057948806,1.1541703526496019,0.669418804536769,2.9142957462659194,2.9142957462659194,2.6228661716393273,3.9842574448024557,3.9842574448024557,3.7850445725623327
2040.0,Optimistic,73130.44183341545,0.6711888503085773,8,4.067811213991377,57.46813441235115,49.99932996439278,99.99865992878556,94.99872693234627,19.999740190274753,79.99896076109901,71.99906468498911,7.9741149539846194,7.9741149539846194,2.392234486195386,99.9986462545895,599.991877527537,569.9922836511602,7.9741149539846194,11.96117243097693,5.980586215488465,4.985208545134068,4.985208545134068,3.2902376397884847,4.861058964221046,2.430529482110523,0.8020747290964726,3.4716664671133315,1.1572221557044438,0.6711888503085773,2.930529482110523,2.930529482110523,2.637476533899471,3.9889064088505513,3.9889064088505513,3.7894610884080233
2041.0,Optimistic,147266.62524055244,0.6725266221245425,8,4.075918921966924,61.54405333431807,49.99966727016444,99.99933454032887,94.99936781331243,19.99987098230866,79.99948392923464,71.99953553631119,7.9817591163711405,7.9817591163711405,2.394527734911342,99.99932774992408,599.9959664995445,569.9961681745672,7.9817591163711405,11.97263867455671,5.986319337278355,4.9895766379263655,4.9895766379263655,3.2931205810314013,4.887376585278799,2.4436882926393997,0.8064171365710019,3.478585976506255,1.1595286588354181,0.6725266221245425,2.9436882926393997,2.9436882926393997,2.64931946337546,3.9921824784447746,3.9921824784447746,3.7925733545225357
2042.0,Optimistic,296558.5652982028,0.6735376883128267,8,4.082046595835313,65.62609993015339,49.999834771253525,99.99966954250705,94.9996860653817,19.999935931710553,79.99974372684221,71.99976935415799,7.987145866560798,7.987145866560798,2.3961437599682394,99.99966617049182,599.9979970229509,569.9980971718034,7.987145866560798,11.980718799841197,5.990359399920599,4.992654780891884,4.992654780891884,3.295152155388644,4.908709234299629,2.4543546171498143,0.8099370236594388,3.4838156292042766,1.1612718764014254,0.6735376883128267,2.9543546171498143,2.9543546171498143,2.658919155434833,3.9944910856689133,3.9944910856689133,3.7947665313854673
2043.0,Optimistic,597195.6137928156,0.6743018356994676,8,4.086677792117985,69.71277772227137,49.999917949832735,99.99983589966547,94.9998441046822,19.999968184629022,79.99987273851609,71.99988546466449,7.990941845261739,7.990941845261739,2.397282553578522,99.99983422517226,599.9990053510336,569.9990550834818,7.990941845261739,11.98641276789261,5.993206383946305,4.994823911578137,4.994823911578137,3.2965837816415706,4.926001143520724,2.463000571760362,0.8127901886809195,3.4877681156869014,1.1625893718956337,0.6743018356994676,2.963000571760362,2.963000571760362,2.666700514584326,3.9961179336836024,3.9961179336836024,3.796312036999422
2044.0,Optimistic,1202604.2841647768,0.6748793658703666,8,4.090177974971918,73.80295569724329,49.99995925509276,99.99991851018552,94.99992258467624,19.999984200954337,79.99993680381735,71.99994312343561,7.9936168262411185,7.9936168262411185,2.3980850478723355,99.99991767865681,599.9995060719409,569.9995307683438,7.9936168262411185,11.990425239361677,5.995212619680839,4.996352472137782,4.996352472137782,3.2975926316109363,4.940017692718089,2.4700088463590446,0.8151029192984848,3.490755340708793,1.1635851135695976,0.6748793658703666,2.9700088463590446,2.9700088463590446,2.6730079617231404,3.9972643541033364,3.9972643541033364,3.7974011363981695
2045.0,Optimistic,2421747.6332524116,0.675315853783732,8,4.0928233562650425,77.89577905350833,49.99997976667786,99.99995953335572,94.99996155668794,19.99999215442611,79.99996861770444,71.999971755934,7.995501853477511,7.995501853477511,2.398650556043253,99.99995912043079,599.9997547225847,569.9997669864555,7.995501853477511,11.993252780216267,5.996626390108133,4.997429630558578,4.997429630558578,3.2983035561686616,4.95137928668034,2.47568964334017,0.8169775823022561,3.4930130368124077,1.164337678937469,0.675315853783732,2.97568964334017,2.97568964334017,2.678120679006153,3.998072222918933,3.998072222918933,3.7981686117729865
2046.0,Optimistic,4876800.853272259,0.6756457442519958,8,4.094822692436337,81.99060174594467,49.99998995242958,99.99997990485916,94.9999809096162,19.999996104003305,79.99998441601322,71.9999859744119,7.996830209719793,7.996830209719793,2.3990490629159376,99.9999796998067,599.9998781988402,569.9998842888981,7.996830209719793,11.99524531457969,5.997622657289845,4.998188691268453,4.998188691268453,3.298804536237179,4.960588815755251,2.4802944078776257,0.8184971545996165,3.4947193668206684,1.1649064556068893,0.6756457442519958,2.9802944078776257,2.9802944078776257,2.6822649670898633,3.9986415184513397,3.9986415184513397,3.7987094425287724
2047.0,Optimistic,9820670.922071336,0.6758950701043707,8,4.096333758208307,86.08693550415298,49.99999501052419,99.99999002104838,94.99999051999595,19.9999980653053,79.9999922612212,71.99999303509908,7.997766286542632,7.997766286542632,2.3993298859627896,99.99998991922234,599.9999395153341,569.9999425395673,7.997766286542632,11.996649429813948,5.998324714906974,4.998723592310075,4.998723592310075,3.2991575709246495,4.968053914936178,2.484026957468089,0.8197288959644694,3.4960089832984695,1.1653363277661564,0.6758950701043707,2.984026957468089,2.984026957468089,2.68562426172128,3.9990426942325565,3.9990426942325565,3.7990905595209283
2048.0,Optimistic,19776402.65849772,0.6760835065299202,8,4.097475797151032,90.18441130130401,49.99999752229964,99.99999504459927,94.9999952923693,19.999999039259045,79.99999615703618,71.99999654133256,7.998425928730748,7.998425928730748,2.3995277786192246,99.99999499403397,599.9999699642038,569.9999714659937,7.998425928730748,11.997638893096124,5.998819446548062,4.999100530703284,4.999100530703284,3.2994063502641677,4.974105006726843,2.4870525033634214,0.8207273261099292,3.496983654465105,1.165661218155035,0.6760835065299202,2.9870525033634214,2.9870525033634214,2.6883472530270796,3.9993253980274637,3.9993253980274637,3.79935912812609
2049.0,Optimistic,39824784.39757623,0.6762259237166486,8,4.098338931616052,94.28275023292007,49.999998769610414,99.99999753922083,94.99999766225979,19.999999522910162,79.99999809164065,71.99999828247658,7.99889077072419,7.99889077072419,2.399667231217257,99.99999751411085,599.999985084665,569.9999858304317,7.99889077072419,11.998336156086285,5.999168078043143,4.999366154699537,4.999366154699537,3.2995816621016947,4.9790099264032746,2.4895049632016373,0.8215366378565403,3.497720295086114,1.1659067650287045,0.6762259237166486,2.9895049632016373,2.9895049632016373,2.6905544668814736,3.9995246160246527,3.9995246160246527,3.79954838522342
2050.0,Optimistic,80197267.40504706,0.6763335603108817,8,4.098991274611404,98.38174150753147,49.99999938900662,99.99999877801324,94.99999883911256,19.999999763084197,79.99999905233679,71.99999914710311,7.999218339340569,7.999218339340569,2.3997655018021704,99.99999876554398,599.9999925932639,569.9999929636007,7.999218339340569,11.998827509010853,5.999413754505427,4.99955333676604,4.99955333676604,3.2997052022655864,4.9829857770207395,2.4914928885103698,0.822192653208422,3.498277036090768,1.1660923453635892,0.6763335603108817,2.9914928885103698,2.9914928885103698,2.692343599659333,3.9996650025745297,3.9996650025745297,3.799681752445803
