year,scenario,ai_capability,throughput,bottleneck_stage,progress_rate,cumulative_progress,M_1,mu_1,mu_eff_1,M_2,mu_2,mu_eff_2,M_3,mu_3,mu_eff_3,M_4,mu_4,mu_eff_4,M_5,mu_5,mu_eff_5,M_6,mu_6,mu_eff_6,M_7,mu_7,mu_eff_7,M_8,mu_8,mu_eff_8
2024.0,Pessimistic,1.0,0.019999999999999997,6,1.0,1.0,1.0,2.0,1.9,1.0,4.0,3.6,1.0,1.0,0.3,1.0,6.0,5.699999999999999,1.0,1.5,0.75,1.0,0.16666666666666666,0.019999999999999997,1.0,1.0,0.9,1.0,1.0,0.95
2025.0,Pessimistic,1.3498588075760032,0.022582064441863156,6,1.129103222093158,2.129103222093158,13.699907186595825,27.39981437319165,26.029823654532066,5.92445380704736,23.69781522818944,21.328033705370498,1.5571680942997688,1.5571680942997688,0.4671504282899306,26.658996152509932,159.9539769150596,151.95627806930662,1.5571680942997688,2.335752141449653,1.1678760707248266,1.1291032220931578,0.18818387034885964,0.022582064441863156,1.0860688147287718,1.0860688147287718,0.9774619332558947,1.4178760707248266,1.4178760707248266,1.3469822671885852
2026.0,Pessimistic,1.8221188003905089,0.024941893657661838,6,1.247094682883092,3.37619790497625,23.108229831392702,46.216459662785404,43.90563667964613,9.572578914213496,38.290315656853984,34.46128409116859,2.0367271172731285,2.0367271172731285,0.6110181351819385,45.667648026691374,274.00588816014823,260.3055937521408,2.0367271172731285,3.0550906759096925,1.5275453379548463,1.247094682883092,0.20784911381384866,0.024941893657661838,1.164729788588728,1.164729788588728,1.0482568097298552,1.7775453379548463,1.7775453379548463,1.6886680710571038
2027.0,Pessimistic,2.4596031111569494,0.0270986151698944,6,1.3549307584947201,4.73112866347097,30.07808667271064,60.15617334542128,57.148364678150216,12.275176464928615,49.10070585971446,44.19063527374301,2.4494873935129067,2.4494873935129067,0.734846218053872,59.749603685680675,358.49762211408404,340.5727410083798,2.4494873935129067,3.67423109026936,1.83711554513468,1.3549307584947201,0.22582179308245334,0.0270986151698944,1.2366205056631467,1.2366205056631467,1.1129584550968321,2.08711554513468,2.08711554513468,1.9827597678779458
2028.0,Pessimistic,3.3201169227365472,0.02906971021786907,6,1.4534855108934537,6.184614174364423,35.24148361630209,70.48296723260418,66.95881887097397,14.277309973668158,57.10923989467263,51.39831590520537,2.804753455623894,2.804753455623894,0.8414260366871682,70.18177302069198,421.09063812415184,400.0361062179442,2.804753455623894,4.207130183435841,2.1035650917179205,1.4534855108934535,0.2422475851489089,0.02906971021786907,1.302323673928969,1.302323673928969,1.172091306536072,2.3535650917179205,2.3535650917179205,2.2358868371320244
2029.0,Pessimistic,4.4816890703380645,0.030871155451346798,6,1.5435577725673402,7.728171946931763,39.066622152726936,78.13324430545387,74.22658209018117,15.760526957179831,63.042107828719324,56.73789704584739,3.110533789035941,3.110533789035941,0.9331601367107822,77.91011414530544,467.46068487183265,444.087650628241,3.110533789035941,4.665800683553911,2.3329003417769556,1.54355777256734,0.2572596287612233,0.030871155451346798,1.3623718483782268,1.3623718483782268,1.2261346635404042,2.5829003417769556,2.5829003417769556,2.4537553246881076
2030.0,Pessimistic,6.049647464412945,0.0325175524287803,6,1.6258776214390154,9.354049568370778,41.90035447714226,83.80070895428452,79.6106735065703,16.859321123789854,67.43728449515942,60.693556045643476,3.373721361037603,3.373721361037603,1.0121164083112808,83.63541006606293,501.81246039637756,476.72183737655865,3.373721361037603,5.060582041556405,2.5302910207782023,1.6258776214390154,0.2709796035731692,0.0325175524287803,1.4172517476260102,1.4172517476260102,1.2755265728634093,2.7802910207782023,2.7802910207782023,2.6412764697392923
2031.0,Pessimistic,8.16616991256765,0.03402224596979308,6,1.7011122984896543,11.055161866860432,43.999635015603886,87.99927003120777,83.59930652964738,17.673327863193343,70.69331145277337,63.62398030749603,3.600249003555379,3.600249003555379,1.0800747010666136,87.8768136029548,527.2608816177287,500.89783753684225,3.600249003555379,5.400373505333068,2.700186752666534,1.7011122984896543,0.28351871641494236,0.03402224596979308,1.4674081989931027,1.4674081989931027,1.3206673790937924,2.950186752666534,2.950186752666534,2.802677415033207
2032.0,Pessimistic,11.023176380641601,0.03539743232120084,6,1.7698716160600425,12.825033482920475,45.55482028881879,91.10964057763758,86.5541585487557,18.276358887501164,73.10543555000466,65.79489199500419,3.7952231523511917,3.7952231523511917,1.1385669457053575,91.01892262434816,546.1135357460889,518.8078589587844,3.7952231523511917,5.692834728526788,2.846417364263394,1.7698716160600423,0.2949786026766737,0.03539743232120084,1.5132477440400283,1.5132477440400283,1.3619229696360255,3.096417364263394,3.096417364263394,2.941596496050224
2033.0,Pessimistic,14.87973172487283,0.036654258013311763,6,1.8327129006655885,14.657746383586064,46.706929875752266,93.41385975150453,88.7431667639293,18.723095257944756,74.89238103177902,67.40314292860113,3.9630389574164337,3.9630389574164337,1.1889116872249301,93.34665423876477,560.0799254325887,532.0759291609592,3.9630389574164337,5.944558436124651,2.9722792180623254,1.8327129006655882,0.30545215011093135,0.036654258013311763,1.555141933777059,1.555141933777059,1.3996277403993531,3.2222792180623254,3.2222792180623254,3.061165257159209
2034.0,Pessimistic,20.085536923187668,0.03780291020778202,6,1.8901455103891014,16.547891893975166,47.56043364997467,95.12086729994934,90.36482393495187,19.054045701010583,76.21618280404233,68.5945645236381,4.10747935940628,4.10747935940628,1.232243807821884,95.07108023158146,570.4264813894888,541.9051573200144,4.10747935940628,6.161219039109421,3.0806095195547103,1.8901455103891014,0.3150242517315169,0.03780291020778202,1.5934303402594008,1.5934303402594008,1.4340873062334607,3.3306095195547107,3.3306095195547107,3.164079043576975
2035.0,Pessimistic,27.112638920657883,0.03885269926933863,6,1.942634963466932,18.4905268574421,48.19272479733924,96.38544959467848,91.56617711494455,19.29921981937644,77.19687927750576,69.47719134975519,4.231800365516984,4.231800365516984,1.2695401096550951,96.34856642727725,578.0913985636635,549.1868286354803,4.231800365516984,6.347700548275475,3.1738502741377377,1.9426349634669315,0.32377249391115526,0.03885269926933863,1.6284233089779543,1.6284233089779543,1.465580978080159,3.4238502741377377,3.4238502741377377,3.252657760430851
2036.0,Pessimistic,36.598234443677974,0.039812134230651816,6,1.9906067115325912,20.48113356897469,48.66113760008267,97.32227520016534,92.45616144015706,19.48084927350144,77.92339709400576,70.13105738460519,4.338804447113654,4.338804447113654,1.3016413341340962,97.29495147771804,583.7697088663083,554.5812234229928,4.338804447113654,6.508206670670481,3.2541033353352407,1.9906067115325912,0.3317677852554318,0.039812134230651816,1.6604044743550608,1.6604044743550608,1.4943640269195548,3.50410333533524,3.50410333533524,3.328898168568478
2037.0,Pessimistic,49.40244910553017,0.04068899176203545,6,2.0344495881017726,22.515583157076463,49.00814633915559,98.01629267831117,93.11547804439562,19.615403682529717,78.46161473011887,70.61545325710698,4.4309037136539455,4.4309037136539455,1.3292711140961837,97.99605076686537,587.9763046011922,558.5774893711325,4.4309037136539455,6.646355570480918,3.323177785240459,2.0344495881017726,0.3390749313502954,0.04068899176203545,1.689633058734515,1.689633058734515,1.5206697528610635,3.573177785240459,3.573177785240459,3.394518895978436
2038.0,Pessimistic,66.68633104092515,0.04149037920500689,6,2.074518960250345,24.590102117326808,49.26521673579659,98.53043347159318,93.60391179801353,19.715084040410925,78.8603361616437,70.97430254547933,4.5101742869880725,4.5101742869880725,1.3530522860964218,98.5154378947727,591.0926273686362,561.5379960002043,4.5101742869880725,6.765261430482109,3.3826307152410546,2.0745189602503444,0.3457531600417241,0.04149037920500689,1.7163459735002295,1.7163459735002295,1.5447113761502067,3.6326307152410546,3.6326307152410546,3.450999179479002
2039.0,Pessimistic,90.01713130052181,0.042222792180623255,6,2.111139609031163,26.70124172635797,49.45565916962613,98.91131833925226,93.96575242228964,19.788929065773395,79.15571626309358,71.24014463678422,4.578403101752542,4.578403101752542,1.3735209305257625,98.90020934271402,593.4012560562842,563.73119325347,4.578403101752542,6.867604652628813,3.4338023263144066,2.111139609031163,0.3518566015051938,0.042222792180623255,1.7407597393541085,1.7407597393541085,1.5666837654186978,3.683802326314407,3.683802326314407,3.4996122099986864
2040.0,Pessimistic,121.51041751873485,0.042892167239536344,6,2.1446083619768177,28.84585008833479,49.59674239459802,99.19348478919603,94.23381054973623,19.84363480606862,79.37453922427449,71.43708530184703,4.63712818684235,4.63712818684235,1.391138456052705,99.18525504214702,595.1115302528822,565.3559537402381,4.63712818684235,6.955692280263525,3.4778461401317626,2.1446083619768173,0.3574347269961362,0.042892167239536344,1.7630722413178783,1.7630722413178783,1.5867650171860905,3.7278461401317626,3.7278461401317626,3.5414538331251744
2041.0,Pessimistic,164.0219072999017,0.04350392998051979,6,2.1751964990259895,31.02104658736078,49.70125941828974,99.40251883657947,94.43239289475049,19.884161815255204,79.53664726102082,71.58298253491874,4.687673335995387,4.687673335995387,1.4063020007986162,99.39642209001396,596.3785325400837,566.5596059130795,4.687673335995387,7.0315100039930805,3.5157550019965402,2.1751964990259895,0.3625327498376649,0.04350392998051979,1.783464332683993,1.783464332683993,1.6051178994155937,3.7657550019965402,3.7657550019965402,3.577467251896713
2042.0,Pessimistic,221.40641620418697,0.044063039027491556,6,2.2031519513745783,33.22419853873536,49.77868753381198,99.55737506762397,94.57950631424276,19.91418496209036,79.65673984836144,71.6910658635253,4.731177949041001,4.731177949041001,1.4193533847123003,99.55285848668134,597.3171509200881,567.4512933740837,4.731177949041001,7.096766923561502,3.548383461780751,2.203151951374578,0.36719199189576296,0.044063039027491556,1.8021013009163853,1.8021013009163853,1.6218911708247468,3.798383461780751,3.798383461780751,3.6084642886917133
2043.0,Pessimistic,298.8674009670603,0.044574026221486325,6,2.2287013110743166,35.452899849809675,49.83604769258391,99.67209538516782,94.68849061590943,19.936426656308047,79.74570662523219,71.77113596270897,4.768622716500646,4.768622716500646,1.4305868149501937,99.66874941971035,598.0124965182621,568.1118716923489,4.768622716500646,7.152934074750969,3.5764670373754845,2.2287013110743166,0.3714502185123861,0.044574026221486325,1.819134207382878,1.819134207382878,1.6372207866445903,3.8264670373754845,3.8264670373754845,3.6351436855067103
2044.0,Pessimistic,403.4287934927351,0.0450410333533524,6,2.25205166766762,37.7049515174773,49.87854114334335,99.7570822866867,94.76922817235236,19.95290370864334,79.81161483457336,71.83045335111603,4.800851726528544,4.800851726528544,1.440255517958563,99.75460353451003,598.5276212070602,568.6012401467071,4.800851726528544,7.201277589792816,3.600638794896408,2.25205166766762,0.37534194461127,0.0450410333533524,1.8347011117784136,1.8347011117784136,1.6512310006005722,3.8506387948964083,3.8506387948964083,3.658106855151588
2045.0,Pessimistic,544.571910125929,0.04546784573490887,6,2.2733922867454437,39.97834380422274,49.910021065925584,99.82004213185117,94.8290400252586,19.96511020923645,79.8604408369458,71.87439675325122,4.828591492531839,4.828591492531839,1.4485774477595517,99.81820582707414,598.9092349624448,568.9637732143225,4.828591492531839,7.242887238797758,3.621443619398879,2.2733922867454437,0.37889871445757395,0.04546784573490887,1.8489281911636293,1.8489281911636293,1.6640353720472665,3.8714436193988795,3.8714436193988795,3.6778714384289355
2046.0,Pessimistic,735.0951892419727,0.04585792288067321,6,2.292896144033661,42.2712399482564,49.93334196616015,99.8666839323203,94.87334973570428,19.97415300728659,79.89661202914635,71.90695082623172,4.85246733039504,4.85246733039504,1.455740199118512,99.86532356428276,599.1919413856965,569.2323443164116,4.85246733039504,7.27870099559256,3.63935049779628,2.292896144033661,0.38214935733894345,0.04585792288067321,1.861930762689107,1.861930762689107,1.6757376864201965,3.88935049779628,3.88935049779628,3.694882972906466
2047.0,Pessimistic,992.2747156050253,0.04621442654884884,6,2.310721327442442,44.581961275698845,49.95061851397662,99.90123702795324,94.90617517655558,19.980852076848077,79.92340830739231,71.93106747665308,4.873017454487728,4.873017454487728,1.4619052363463185,99.90022924252419,599.4013754551452,569.4313066823879,4.873017454487728,7.309526181731592,3.654763090865796,2.310721327442442,0.385120221240407,0.04621442654884884,1.873814218294961,1.873814218294961,1.686432796465465,3.904763090865796,3.904763090865796,3.7095249363225062
2048.0,Pessimistic,1339.4307643944169,0.04654024636885812,6,2.327012318442906,46.90897359414175,49.96341729538954,99.92683459077908,94.93049286124013,19.98581486964084,79.94325947856336,71.94893353070702,4.890705110210829,4.890705110210829,1.4672115330632487,99.92608800497071,599.5565280298242,569.578701628333,4.890705110210829,7.336057665316244,3.668028832658122,2.327012318442906,0.387835386407151,0.04654024636885812,1.8846748789619374,1.8846748789619374,1.6962073910657438,3.9180288326581225,3.9180288326581225,3.722127391025216
2049.0,Pessimistic,1808.0424144560632,0.04683802326314406,6,2.3419011631572033,49.25087475729895,49.97289886586276,99.94579773172552,94.94850784513923,19.989491396967193,79.95796558786877,71.96216902908189,4.905929016575964,4.905929016575964,1.4717787049727893,99.94524464735537,599.6714678841322,569.6878944899256,4.905929016575964,7.358893524863946,3.679446762431973,2.3419011631572033,0.3903168605262005,0.04683802326314406,1.8946007754381355,1.8946007754381355,1.705140697894322,3.9294467624319727,3.9294467624319727,3.732974424310374
2050.0,Pessimistic,2440.6019776244984,0.047110170853085206,6,2.3555085426542606,51.606383299953215,49.97992298602999,99.95984597205998,94.96185367345697,19.992215035399383,79.96886014159753,71.97197412743778,4.919032354216783,4.919032354216783,1.4757097062650348,99.95943623708101,599.756617422486,569.7687865513617,4.919032354216783,7.378548531325174,3.689274265662587,2.3555085426542606,0.3925847571090434,0.047110170853085206,1.903672361769507,1.903672361769507,1.7133051255925564,3.939274265662587,3.939274265662587,3.7423105523794575
2024.0,Baseline,1.0,0.019999999999999997,6,1.0,1.0,1.0,2.0,1.9,1.0,4.0,3.6,1.0,1.0,0.3,1.0,6.0,5.699999999999999,1.0,1.5,0.75,1.0,0.16666666666666666,0.019999999999999997,1.0,1.0,0.9,1.0,1.0,0.95
2025.0,Baseline,1.6487212707001282,0.024178760707248264,6,1.2089380353624133,2.2089380353624133,20.279997674080963,40.55999534816193,38.53199558075383,8.475917465459965,33.90366986183986,30.513302875655874,1.8847968677143805,1.8847968677143805,0.5654390603143141,39.953464688449294,239.72078813069578,227.734748724161,1.8847968677143805,2.827195301571571,1.4135976507857855,1.2089380353624133,0.2014896725604022,0.024178760707248264,1.1392920235749422,1.1392920235749422,1.025362821217448,1.6635976507857855,1.6635976507857855,1.5804177682464962
2026.0,Baseline,2.718281828459045,0.02777545337954846,6,1.3887726689774234,3.5977107043398364,31.973907382599325,63.94781476519865,60.75042402693872,13.010290617742596,52.041162470970384,46.837046223873344,2.5738773611494663,2.5738773611494663,0.7721632083448399,63.57993532402721,381.47961194416325,362.4056313469551,2.5738773611494663,3.8608160417241995,1.9304080208620997,1.3887726689774231,0.2314621114962372,0.02777545337954846,1.2591817793182822,1.2591817793182822,1.133263601386454,2.1804080208620995,2.1804080208620995,2.0713876198189944
2027.0,Baseline,4.4816890703380645,0.030871155451346798,6,1.5435577725673402,5.141268476907177,39.066622152726936,78.13324430545387,74.22658209018117,15.760526957179831,63.042107828719324,56.73789704584739,3.110533789035941,3.110533789035941,0.9331601367107822,77.91011414530544,467.46068487183265,444.087650628241,3.110533789035941,4.665800683553911,2.3329003417769556,1.54355777256734,0.2572596287612233,0.030871155451346798,1.3623718483782268,1.3623718483782268,1.2261346635404042,2.5829003417769556,2.5829003417769556,2.4537553246881076
2028.0,Baseline,7.38905609893065,0.03353565091717921,6,1.6767825458589607,6.818051022766138,43.36857112140598,86.73714224281196,82.40028513067135,17.42862961850436,69.71451847401744,62.74306662661569,3.5284822353142307,3.5284822353142307,1.0585446705942692,86.60180695957534,519.610841757452,493.6302996695794,3.5284822353142307,5.292723352971346,2.646361676485673,1.6767825458589605,0.27946375764316006,0.03353565091717921,1.4511883639059735,1.4511883639059735,1.3060695275153762,2.896361676485673,2.896361676485673,2.751543592661389
2029.0,Baseline,12.182493960703473,0.03582900341776955,6,1.791450170888478,8.609501193654616,45.977835067428956,91.95567013485791,87.35788662811501,18.440385026145922,73.76154010458369,66.38538609412532,3.8539808125592394,3.8539808125592394,1.1561942437677717,91.87358513623401,551.2415108174041,523.6794352765339,3.8539808125592394,5.780971218838859,2.8904856094194296,1.7914501708884778,0.29857502848141293,0.03582900341776955,1.5276334472589852,1.5276334472589852,1.3748701025330867,3.1404856094194296,3.1404856094194296,2.983461328948458
2030.0,Baseline,20.085536923187668,0.03780291020778202,6,1.8901455103891014,10.499646704043718,47.56043364997467,95.12086729994934,90.36482393495187,19.054045701010583,76.21618280404233,68.5945645236381,4.10747935940628,4.10747935940628,1.232243807821884,95.07108023158146,570.4264813894888,541.9051573200144,4.10747935940628,6.161219039109421,3.0806095195547103,1.8901455103891014,0.3150242517315169,0.03780291020778202,1.5934303402594008,1.5934303402594008,1.4340873062334607,3.3306095195547107,3.3306095195547107,3.164079043576975
2031.0,Baseline,33.11545195869231,0.03950186752666534,6,1.9750933763332672,12.474740080376986,48.520328212306396,97.04065642461279,92.18862360338214,19.42624971497595,77.7049988599038,69.93449897391342,4.30490422619822,4.30490422619822,1.291471267859466,97.01045904119047,582.0627542471428,552.9596165347857,4.30490422619822,6.45735633929733,3.228678169648665,1.975093376333267,0.3291822293888778,0.03950186752666534,1.6500622508888445,1.6500622508888445,1.48505602579996,3.4786781696486644,3.4786781696486644,3.304744261166231
2032.0,Baseline,54.598150033144236,0.04096417364263393,6,2.0482086821316967,14.522948762508683,49.10253369445202,98.20506738890404,93.29481401945884,19.65200286111405,78.6080114444562,70.74721030001058,4.458658867053549,4.458658867053549,1.3375976601160646,98.18675175001532,589.1205105000919,559.6644849750872,4.458658867053549,6.687988300580323,3.3439941502901616,2.0482086821316967,0.3413681136886161,0.04096417364263393,1.6988057880877978,1.6988057880877978,1.528925209279018,3.593994150290162,3.593994150290162,3.414294442775654
2033.0,Baseline,90.01713130052181,0.042222792180623255,6,2.111139609031163,16.634088371539846,49.45565916962613,98.91131833925226,93.96575242228964,19.788929065773395,79.15571626309358,71.24014463678422,4.578403101752542,4.578403101752542,1.3735209305257625,98.90020934271402,593.4012560562842,563.73119325347,4.578403101752542,6.867604652628813,3.4338023263144066,2.111139609031163,0.3518566015051938,0.042222792180623255,1.7407597393541085,1.7407597393541085,1.5666837654186978,3.683802326314407,3.683802326314407,3.4996122099986864
2034.0,Baseline,148.4131591025766,0.043306095195547095,6,2.165304759777355,18.799393131317203,49.66984059704481,99.33968119408962,94.37269713438513,19.871979007017377,79.4879160280695,71.53912442526256,4.671660005504405,4.671660005504405,1.4014980016513214,99.33294324709054,595.9976594825432,566.197776508416,4.671660005504405,7.007490008256608,3.503745004128304,2.165304759777355,0.36088412662955915,0.043306095195547095,1.77686983985157,1.77686983985157,1.5991828558664132,3.7537450041283034,3.7537450041283034,3.566057753921888
2035.0,Baseline,244.69193226422038,0.044238502741377375,6,2.211925137068869,21.01131826838607,49.799748199515264,99.59949639903053,94.61952157907899,19.922351342669185,79.68940537067674,71.72046483360907,4.74428855517317,4.74428855517317,1.423286566551951,99.59540962759206,597.5724577655524,567.6938348772748,4.74428855517317,7.116432832759754,3.558216416379877,2.211925137068869,0.36865418951147816,0.044238502741377375,1.807950091379246,1.807950091379246,1.6271550822413214,3.808216416379877,3.808216416379877,3.617805595560883
2036.0,Baseline,403.4287934927351,0.0450410333533524,6,2.25205166766762,23.26336993605369,49.87854114334335,99.7570822866867,94.76922817235236,19.95290370864334,79.81161483457336,71.83045335111603,4.800851726528544,4.800851726528544,1.440255517958563,99.75460353451003,598.5276212070602,568.6012401467071,4.800851726528544,7.201277589792816,3.600638794896408,2.25205166766762,0.37534194461127,0.0450410333533524,1.8347011117784136,1.8347011117784136,1.6512310006005722,3.8506387948964083,3.8506387948964083,3.658106855151588
2037.0,Baseline,665.1416330443618,0.045731777852404586,6,2.28658889262023,25.54995882867392,49.926331479544096,99.85266295908819,94.86002981113378,19.971434655333425,79.8857386213337,71.89716475920034,4.844903168673111,4.844903168673111,1.4534709506019334,99.85115951989522,599.1069571193714,569.1516092634027,4.844903168673111,7.267354753009667,3.6336773765048336,2.2865888926202294,0.3810981487700382,0.045731777852404586,1.8577259284134864,1.8577259284134864,1.6719533355721379,3.883677376504834,3.883677376504834,3.6894935076795923
2038.0,Baseline,1096.6331584284585,0.04632630715241055,6,2.3163153576205278,27.866274186294447,49.95531778368783,99.91063556737566,94.91510378900688,19.982674242654465,79.93069697061786,71.93762727355607,4.879210466310726,4.879210466310726,1.4637631398932176,99.90972368541011,599.4583421124607,569.4854250068377,4.879210466310726,7.3188156994660885,3.6594078497330442,2.3163153576205273,0.3860525596034212,0.04632630715241055,1.8775435717470181,1.8775435717470181,1.6897892145723163,3.9094078497330447,3.9094078497330447,3.7139374572463923
2039.0,Baseline,1808.0424144560632,0.04683802326314406,6,2.3419011631572033,30.20817534945165,49.97289886586276,99.94579773172552,94.94850784513923,19.989491396967193,79.95796558786877,71.96216902908189,4.905929016575964,4.905929016575964,1.4717787049727893,99.94524464735537,599.6714678841322,569.6878944899256,4.905929016575964,7.358893524863946,3.679446762431973,2.3419011631572033,0.3903168605262005,0.04683802326314406,1.8946007754381355,1.8946007754381355,1.705140697894322,3.9294467624319727,3.9294467624319727,3.732974424310374
2040.0,Baseline,2980.9579870417283,0.04727846140131762,6,2.3639230700658813,32.57209841951753,49.983562331232775,99.96712466246555,94.96876842934226,19.993626210069852,79.97450484027941,71.97705435625147,4.926737444445063,4.926737444445063,1.478021233333519,99.96678919983765,599.8007351990259,569.8106984390746,4.926737444445063,7.390106166667595,3.6950530833337973,2.3639230700658813,0.3939871783443135,0.04727846140131762,1.9092820467105875,1.9092820467105875,1.7183538420395288,3.9450530833337973,3.9450530833337973,3.7478004291671074
2041.0,Baseline,4914.768840299134,0.0476575500199654,6,2.38287750099827,34.9549759205158,49.99003004991848,99.98006009983696,94.98105709484511,19.996134100988797,79.98453640395519,71.98608276355968,4.9429430643640035,4.9429430643640035,1.482882919309201,99.97985663146795,599.8791397888077,569.8851827993673,4.9429430643640035,7.414414596546005,3.7072072982730027,2.38287750099827,0.39714625016637833,0.0476575500199654,1.9219183339988468,1.9219183339988468,1.7297265005989622,3.957207298273002,3.957207298273002,3.759346933359352
2042.0,Baseline,8103.083927575384,0.0479838346178075,6,2.3991917308903754,37.35416765140617,49.99395291959976,99.98790583919951,94.98851054723953,19.997655213722354,79.99062085488941,71.99155876940047,4.955564013847031,4.955564013847031,1.4866692041541092,99.98778242939542,599.9266945763725,569.9303598475539,4.955564013847031,7.433346020770546,3.716673010385273,2.3991917308903754,0.3998652884817292,0.0479838346178075,1.9327944872602503,1.9327944872602503,1.7395150385342253,3.966673010385273,3.966673010385273,3.7683393598660095
2043.0,Baseline,13359.726829661871,0.04826467037375485,6,2.413233518687743,39.76740117009391,49.99633226033551,99.99266452067101,94.99303129463746,19.998577815232135,79.99431126092854,71.99488013483568,4.965393219187518,4.965393219187518,1.4896179657562552,99.99258966884112,599.9555380130467,569.9577611123943,4.965393219187518,7.448089828781276,3.724044914390638,2.4132335186877425,0.40220558644795706,0.04826467037375485,1.9421556791251615,1.9421556791251615,1.7479401112126454,3.974044914390638,3.974044914390638,3.775342668671106
2044.0,Baseline,22026.465794806718,0.04850638794896408,6,2.425319397448204,42.19272056754212,49.997775403441636,99.99555080688327,94.9957732665391,19.99913740133451,79.99654960533805,71.99689464480424,4.973048212003658,4.973048212003658,1.4919144636010973,99.99550540695351,599.9730324417211,569.974380819635,4.973048212003658,7.4595723180054865,3.7297861590027432,2.425319397448204,0.40421989957470067,0.04850638794896408,1.950212931632136,1.950212931632136,1.7551916384689223,3.9797861590027437,3.9797861590027437,3.780796851052606
2045.0,Baseline,36315.502674246636,0.0487144361939888,6,2.4357218096994404,44.628442377241555,49.99865071398187,99.99730142796373,94.99743635656554,19.999476807462354,79.99790722984942,71.99811650686448,4.9790099264032746,4.9790099264032746,1.4937029779209823,99.99727389151438,599.9836433490863,569.9844611816319,4.9790099264032746,7.468514889604911,3.7342574448024557,2.43572180969944,0.40595363494990666,0.0487144361939888,1.9571478731329597,1.9571478731329597,1.7614330858196638,3.9842574448024557,3.9842574448024557,3.7850445725623327
2046.0,Baseline,59874.14171519782,0.04889350497796279,6,2.44467524889814,47.0731176261397,49.999181616661275,99.99836323332255,94.99844507165642,19.999682667684986,79.99873067073995,71.99885760366595,4.983652914246144,4.983652914246144,1.4950958742738432,99.99834653162176,599.9900791897305,569.990575230244,4.983652914246144,7.475479371369216,3.737739685684608,2.44467524889814,0.40744587481635663,0.04889350497796279,1.96311683259876,1.96311683259876,1.766805149338884,3.987739685684608,3.987739685684608,3.7883527014003775
2047.0,Baseline,98715.7710107605,0.049047630908657956,6,2.4523815454328983,49.5254991715726,49.999503625413666,99.99900725082733,94.99905688828596,19.999807528221627,79.99923011288651,71.99930710159786,4.987268876813961,4.987268876813961,1.4961806630441883,99.99899712073373,599.9939827244024,569.9942835881823,4.987268876813961,7.480903315220942,3.740451657610471,2.452381545432898,0.40873025757214965,0.049047630908657956,1.968254363621932,1.968254363621932,1.771428927259739,3.990451657610471,3.990451657610471,3.7909290747299473
2048.0,Baseline,162754.79141900392,0.04918028832658122,6,2.4590144163290617,51.98451358790166,49.999698933594686,99.99939786718937,94.9994279738299,19.999883259965287,79.99953303986115,71.99957973587503,4.990084991293335,4.990084991293335,1.4970254973880004,99.99939172297702,599.9963503378622,569.996532820969,4.990084991293335,7.485127486940002,3.742563743470001,2.4590144163290613,0.4098357360548435,0.04918028832658122,1.9726762775527074,1.9726762775527074,1.7754086497974366,3.9925637434700008,3.9925637434700008,3.7929355562965004
2049.0,Baseline,268337.2865208745,0.049294467624319716,6,2.464723381215986,54.44923696911765,49.99981739399457,99.99963478798914,94.99965304858968,19.999929193589733,79.99971677435893,71.99974509692304,4.992278183455089,4.992278183455089,1.4976834550365268,99.99963106133596,599.9977863680158,569.997897049615,4.992278183455089,7.488417275182634,3.744208637591317,2.464723381215986,0.41078723020266433,0.049294467624319716,1.976482254143991,1.976482254143991,1.778834028729592,3.994208637591317,3.994208637591317,3.794498205711751
2050.0,Baseline,442413.3920089205,0.04939274265662587,6,2.4696371328312936,56.918874101948944,49.99988924385906,99.99977848771812,94.9997895633322,19.999957053741266,79.99982821496506,71.99984539346856,4.99398624322809,4.99398624322809,1.4981958729684268,99.99977622738871,599.9986573643323,569.9987244961156,4.99398624322809,7.490979364842135,3.7454896824210673,2.4696371328312936,0.4116061888052156,0.04939274265662587,1.9797580885541957,1.9797580885541957,1.7817822796987761,3.9954896824210673,3.9954896824210673,3.7957151983000137
2024.0,Optimistic,1.0,0.019999999999999997,6,1.0,1.0,1.0,2.0,1.9,1.0,4.0,3.6,1.0,1.0,0.3,1.0,6.0,5.699999999999999,1.0,1.5,0.75,1.0,0.16666666666666666,0.019999999999999997,1.0,1.0,0.9,1.0,1.0,0.95
2025.0,Optimistic,2.0137527074704766,0.025682472620894382,6,1.2841236310447193,2.2841236310447193,25.66732011422094,51.33464022844188,48.76790821701978,10.564879227963221,42.259516911852884,38.0335652206676,2.1812476411251462,2.1812476411251462,0.6543742923375439,50.838054924650464,305.0283295479028,289.77691307050765,2.1812476411251462,3.271871461687719,1.6359357308438596,1.2841236310447193,0.21402060517411986,0.025682472620894382,1.189415754029813,1.189415754029813,1.0704741786268317,1.8859357308438596,1.8859357308438596,1.7916389443016665
2026.0,Optimistic,4.0551999668446745,0.030288595405548298,6,1.5144297702774152,3.7985534013221347,37.91674876686128,75.83349753372256,72.04182265703643,15.314657685109477,61.25863074043791,55.132767666394116,3.013658784834362,3.013658784834362,0.9040976354503085,75.58690056978097,453.5214034186858,430.84533324775146,3.013658784834362,4.520488177251543,2.2602440886257713,1.514429770277415,0.2524049617129025,0.030288595405548298,1.3429531801849433,1.3429531801849433,1.208657862166449,2.5102440886257713,2.5102440886257713,2.3847318841944825
2027.0,Optimistic,8.166169912567646,0.03402224596979308,6,1.7011122984896543,5.499665699811789,43.999635015603886,87.99927003120777,83.59930652964738,17.673327863193343,70.69331145277337,63.62398030749603,3.600249003555378,3.600249003555378,1.0800747010666134,87.87681360295478,527.2608816177287,500.89783753684225,3.600249003555378,5.400373505333067,2.7001867526665335,1.701112298489654,0.2835187164149423,0.03402224596979308,1.4674081989931027,1.4674081989931027,1.3206673790937924,2.9501867526665335,2.9501867526665335,2.8026774150332066
2028.0,Optimistic,16.444646771097048,0.037048684297127606,6,1.8524342148563806,7.35209991466817,47.020306931364324,94.04061386272865,89.33858316959221,18.84460881012086,75.37843524048344,67.8405917164351,4.013612144233575,4.013612144233575,1.2040836432700723,93.97980380010343,563.8788228006206,535.6848816605896,4.013612144233575,6.020418216350362,3.010209108175181,1.8524342148563804,0.3087390358093967,0.037048684297127606,1.5682894765709203,1.5682894765709203,1.4114605289138282,3.2602091081751805,3.2602091081751805,3.0971986527664215
2029.0,Optimistic,33.11545195869231,0.03950186752666534,6,1.9750933763332672,9.327193291001437,48.520328212306396,97.04065642461279,92.18862360338214,19.42624971497595,77.7049988599038,69.93449897391342,4.30490422619822,4.30490422619822,1.291471267859466,97.01045904119047,582.0627542471428,552.9596165347857,4.30490422619822,6.45735633929733,3.228678169648665,1.975093376333267,0.3291822293888778,0.03950186752666534,1.6500622508888445,1.6500622508888445,1.48505602579996,3.4786781696486644,3.4786781696486644,3.304744261166231
2030.0,Optimistic,66.6863310409251,0.04149037920500689,6,2.074518960250345,11.401712251251782,49.26521673579659,98.53043347159318,93.60391179801353,19.715084040410925,78.8603361616437,70.97430254547933,4.510174286988072,4.510174286988072,1.3530522860964214,98.5154378947727,591.0926273686362,561.5379960002043,4.510174286988072,6.7652614304821075,3.3826307152410537,2.0745189602503444,0.3457531600417241,0.04149037920500689,1.7163459735002295,1.7163459735002295,1.5447113761502067,3.632630715241054,3.632630715241054,3.4509991794790014
2031.0,Optimistic,134.2897796849354,0.043102235444398285,6,2.1551117722199145,13.556824023471696,49.635117429524705,99.27023485904941,94.30672311609693,19.858514921652436,79.43405968660974,71.49065371794877,4.654825654002518,4.654825654002518,1.3964476962007553,99.26278827597848,595.5767296558708,565.7978931730772,4.654825654002518,6.982238481003776,3.491119240501888,2.1551117722199145,0.3591852953699857,0.043102235444398285,1.7700745148132762,1.7700745148132762,1.5930670633319486,3.741119240501888,3.741119240501888,3.5540632784767934
2032.0,Optimistic,270.42640742615254,0.044408780718817695,6,2.220439035940885,15.777263059412581,49.81880467789234,99.63760935578468,94.65572888799544,19.929740589386824,79.7189623575473,71.74706612179257,4.756759749499128,4.756759749499128,1.4270279248497384,99.6339114920682,597.8034689524092,567.9132955047887,4.756759749499128,7.135139624248692,3.567569812124346,2.2204390359408848,0.3700731726568141,0.044408780718817695,1.8136260239605901,1.8136260239605901,1.632263421564531,3.817569812124346,3.817569812124346,3.6266913215181287
2033.0,Optimistic,544.571910125929,0.04546784573490887,6,2.2733922867454437,18.050655346158024,49.910021065925584,99.82004213185117,94.8290400252586,19.96511020923645,79.8604408369458,71.87439675325122,4.828591492531839,4.828591492531839,1.4485774477595517,99.81820582707414,598.9092349624448,568.9637732143225,4.828591492531839,7.242887238797758,3.621443619398879,2.2733922867454437,0.37889871445757395,0.04546784573490887,1.8489281911636293,1.8489281911636293,1.6640353720472665,3.8714436193988795,3.8714436193988795,3.6778714384289355
2034.0,Optimistic,1096.6331584284585,0.04632630715241055,6,2.3163153576205278,20.366970703778552,49.95531778368783,99.91063556737566,94.91510378900688,19.982674242654465,79.93069697061786,71.93762727355607,4.879210466310726,4.879210466310726,1.4637631398932176,99.90972368541011,599.4583421124607,569.4854250068377,4.879210466310726,7.3188156994660885,3.6594078497330442,2.3163153576205273,0.3860525596034212,0.04632630715241055,1.8775435717470181,1.8775435717470181,1.6897892145723163,3.9094078497330447,3.9094078497330447,3.7139374572463923
2035.0,Optimistic,2208.3479918872067,0.04702216245321063,6,2.351108122660532,22.718078826439083,49.97781146803855,99.9556229360771,94.95784178927325,19.99139628352515,79.9655851341006,71.96902662069054,4.914881054246491,4.914881054246491,1.4744643162739473,99.95517010889421,599.7310206533652,569.7444696206969,4.914881054246491,7.372321581369737,3.6861607906848683,2.3511081226605315,0.39185135377675523,0.04702216245321063,1.9007387484403542,1.9007387484403542,1.7106648735963188,3.9361607906848683,3.9361607906848683,3.7393527511506246
2036.0,Optimistic,4447.06674769985,0.04758621179751403,6,2.379310589875702,25.097389416314783,49.98898150111524,99.97796300223048,94.97906485211895,19.995727520840603,79.98291008336241,71.98461907502617,4.940017692718089,4.940017692718089,1.4820053078154267,99.9777381349063,599.8664288094378,569.8731073689659,4.940017692718089,7.410026539077133,3.7050132695385667,2.3793105898757014,0.39655176497928357,0.04758621179751403,1.9195403932504675,1.9195403932504675,1.7275863539254208,3.9550132695385667,3.9550132695385667,3.757262606061638
2037.0,Optimistic,8955.292703482508,0.04804342130995618,6,2.4021710654978095,27.499560481812594,49.994528375383986,99.98905675076797,94.98960391322957,19.99787834963869,79.99151339855476,71.99236205869929,4.95773118246459,4.95773118246459,1.487319354739377,99.98894508495948,599.9336705097569,569.936986984269,4.95773118246459,7.436596773696885,3.7182983868484425,2.402171065497809,0.40036184424963484,0.04804342130995618,1.9347807103318724,1.9347807103318724,1.7413026392986852,3.968298386848442,3.968298386848442,3.7698834675060198
2038.0,Optimistic,18033.74492782849,0.04841402813784949,6,2.4207014068924746,29.92026188870507,49.997282871627824,99.99456574325565,94.99483745609287,19.99894641961079,79.99578567844316,71.99620711059885,4.970213667716303,4.970213667716303,1.4910641003148908,99.99451029165621,599.9670617499373,569.9687086624405,4.970213667716303,7.455320501574454,3.727660250787227,2.4207014068924746,0.40345023448207906,0.04841402813784949,1.9471342712616497,1.9471342712616497,1.7524208441354847,3.9776602507872267,3.9776602507872267,3.7787772382478653
2039.0,Optimistic,36315.502674246636,0.0487144361939888,6,2.4357218096994404,32.35598369840451,49.99865071398187,99.99730142796373,94.99743635656554,19.999476807462354,79.99790722984942,71.99811650686448,4.9790099264032746,4.9790099264032746,1.4937029779209823,99.99727389151438,599.9836433490863,569.9844611816319,4.9790099264032746,7.468514889604911,3.7342574448024557,2.43572180969944,0.40595363494990666,0.0487144361939888,1.9571478731329597,1.9571478731329597,1.7614330858196638,3.9842574448024557,3.9842574448024557,3.7850445725623327
2040.0,Optimistic,73130.44183341545,0.048957942231657836,6,2.447897111582892,34.8038808099874,49.99932996439278,99.99865992878556,94.99872693234627,19.999740190274753,79.99896076109901,71.99906468498911,4.985208545134068,4.985208545134068,1.4955625635402203,99.9986462545895,599.991877527537,569.9922836511602,4.985208545134068,7.477812817701102,3.738906408850551,2.447897111582892,0.407982851930482,0.048957942231657836,1.9652647410552615,1.9652647410552615,1.7687382669497353,3.9889064088505513,3.9889064088505513,3.7894610884080233
2041.0,Optimistic,147266.62524055244,0.04915532438959099,6,2.45776621947955,37.26164702946695,49.99966727016444,99.99933454032887,94.99936781331243,19.99987098230866,79.99948392923464,71.99953553631119,4.9895766379263655,4.9895766379263655,1.4968729913779095,99.99932774992408,599.9959664995445,569.9961681745672,4.9895766379263655,7.484364956889548,3.742182478444774,2.4577662194795495,0.4096277032465916,0.04915532438959099,1.9718441463196998,1.9718441463196998,1.77465973168773,3.9921824784447746,3.9921824784447746,3.7925733545225357
2042.0,Optimistic,296558.5652982028,0.049315319257247206,6,2.4657659628623607,39.72741299232931,49.999834771253525,99.99966954250705,94.9996860653817,19.999935931710553,79.99974372684221,71.99976935415799,4.992654780891884,4.992654780891884,1.4977964342675654,99.99966617049182,599.9979970229509,569.9980971718034,4.992654780891884,7.488982171337827,3.7444910856689133,2.4657659628623607,0.4109609938103934,0.049315319257247206,1.9771773085749071,1.9771773085749071,1.7794595777174165,3.9944910856689133,3.9944910856689133,3.7947665313854673
2043.0,Optimistic,597195.6137928156,0.04944500857640542,6,2.4722504288202716,42.19966342114959,49.999917949832735,99.99983589966547,94.9998441046822,19.999968184629022,79.99987273851609,71.99988546466449,4.994823911578137,4.994823911578137,1.498447173473441,99.99983422517226,599.9990053510336,569.9990550834818,4.994823911578137,7.492235867367205,3.7461179336836024,2.472250428820271,0.41204173813671185,0.04944500857640542,1.981500285880181,1.981500285880181,1.783350257292163,3.9961179336836024,3.9961179336836024,3.796312036999422
2044.0,Optimistic,1202604.2841647768,0.04955013269538566,6,2.4775066347692833,44.67717005591887,49.99995925509276,99.99991851018552,94.99992258467624,19.999984200954337,79.99993680381735,71.99994312343561,4.996352472137782,4.996352472137782,1.4989057416413345,99.99991767865681,599.9995060719409,569.9995307683438,4.996352472137782,7.494528708206673,3.7472643541033364,2.4775066347692833,0.4129177724615472,0.04955013269538566,1.9850044231795223,1.9850044231795223,1.7865039808615701,3.9972643541033364,3.9972643541033364,3.7974011363981695
2045.0,Optimistic,2421747.6332524116,0.04963534465010255,6,2.481767232505128,47.158937288424,49.99997976667786,99.99995953335572,94.99996155668794,19.99999215442611,79.99996861770444,71.999971755934,4.997429630558578,4.997429630558578,1.4992288891675734,99.99995912043079,599.9997547225847,569.9997669864555,4.997429630558578,7.496144445837867,3.7480722229189336,2.4817672325051277,0.41362787208418794,0.04963534465010255,1.987844821670085,1.987844821670085,1.7890603395030766,3.998072222918933,3.998072222918933,3.7981686117729865
2046.0,Optimistic,4876800.853272259,0.049704416118164375,6,2.4852208059082193,49.64415809433222,49.99998995242958,99.99997990485916,94.9999809096162,19.999996104003305,79.99998441601322,71.9999859744119,4.998188691268453,4.998188691268453,1.4994566073805358,99.9999796998067,599.9998781988402,569.9998842888981,4.998188691268453,7.4972830369026795,3.7486415184513397,2.4852208059082193,0.41420346765136984,0.049704416118164375,1.9901472039388128,1.9901472039388128,1.7911324835449316,3.9986415184513397,3.9986415184513397,3.7987094425287724
2047.0,Optimistic,9820670.922071336,0.049760404362021324,6,2.4880202181010667,52.13217831243328,49.99999501052419,99.99999002104838,94.99999051999595,19.9999980653053,79.9999922612212,71.99999303509908,4.998723592310075,4.998723592310075,1.4996170776930224,99.99998991922234,599.9999395153341,569.9999425395673,4.998723592310075,7.498085388465112,3.749042694232556,2.4880202181010667,0.41467003635017774,0.049760404362021324,1.9920134787340444,1.9920134787340444,1.79281213086064,3.9990426942325565,3.9990426942325565,3.7990905595209283
2048.0,Optimistic,19776402.658497717,0.049805787550451314,6,2.490289377522566,54.62246768995585,49.99999752229964,99.99999504459927,94.9999952923693,19.999999039259045,79.99999615703618,71.99999654133256,4.999100530703284,4.999100530703284,1.4997301592109853,99.99999499403397,599.9999699642038,569.9999714659937,4.999100530703284,7.4986507960549265,3.7493253980274632,2.490289377522566,0.4150482295870943,0.049805787550451314,1.9935262516817107,1.9935262516817107,1.7941736265135397,3.9993253980274637,3.9993253980274637,3.79935912812609
2049.0,Optimistic,39824784.39757623,0.049842574448024556,6,2.4921287224012283,57.11459641235707,49.999998769610414,99.99999753922083,94.99999766225979,19.999999522910162,79.99999809164065,71.99999828247658,4.999366154699537,4.999366154699537,1.499809846409861,99.99999751411085,599.999985084665,569.9999858304317,4.999366154699537,7.499049232049305,3.7495246160246527,2.492128722401228,0.4153547870668713,0.049842574448024556,1.9947524816008186,1.9947524816008186,1.7952772334407368,3.9995246160246527,3.9995246160246527,3.79954838522342
2050.0,Optimistic,80197267.40504706,0.04987239332765554,6,2.4936196663827777,59.60821607873985,49.99999938900662,99.99999877801324,94.99999883911256,19.999999763084197,79.99999905233679,71.99999914710311,4.99955333676604,4.99955333676604,1.499866001029812,99.99999876554398,599.9999925932639,569.9999929636007,4.99955333676604,7.4993300051490595,3.7496650025745297,2.493619666382777,0.41560327773046285,0.04987239332765554,1.9957464442551849,1.9957464442551849,1.7961717998296665,3.9996650025745297,3.9996650025745297,3.799681752445803
